,compound,date,negative,positive,source,text,tweets ago
0,0.2263,Thu Sep 27 17:02:07 +0000 2018,0.089,0.155,@BBC,"This is the quiz where you have to play the answer as well as say it. Famous faces battle it out, testing their ski‚Ä¶ https://t.co/WXXa78QNdD",1
1,-0.128,Thu Sep 27 16:03:09 +0000 2018,0.067,0.0,@BBC,Got a bag of frozen peas lurking at the back of the freezer? Here are 7 things you can do with them. üòãüç¥‚Ä¶ https://t.co/innpVg70hh,2
2,-0.5574,Thu Sep 27 15:31:07 +0000 2018,0.194,0.0,@BBC,"John Cunliffe, creator of Postman Pat and Rosie and Jim, has died aged 85. https://t.co/OoHcAgZsu5 https://t.co/PEwPmaItNP",3
3,0.5719,Thu Sep 27 15:06:35 +0000 2018,0.0,0.171,@BBC,"Flying squirrels are secretive creatures but if you're lucky, you might meet one. Or two. Or three. üòÆüêø

https://t.co/vx8aM2dHRt",4
4,-0.4201,Thu Sep 27 14:03:05 +0000 2018,0.117,0.0,@BBC,"""It's very difficult not to tie your self-worth to the size of your audience"".

@hankgreen on the darker side of in‚Ä¶ https://t.co/EF0u3XM6Nj",5
5,0.4939,Thu Sep 27 13:46:00 +0000 2018,0.0,0.122,@BBC,"If half of the UK switched to reusable water bottles, we'd save enough plastic to stretch to the moon and back in j‚Ä¶ https://t.co/HEtqsCQbly",6
6,0.0,Thu Sep 27 13:10:27 +0000 2018,0.0,0.0,@BBC,RT @BBCNews: Postman Pat and Rosie and Jim author John Cunliffe dies https://t.co/VPI0iFKwaA,7
7,-0.4019,Thu Sep 27 13:03:06 +0000 2018,0.299,0.225,@BBC,"""Dear haters, you're going to hate this."" 

Oliver reacts to Scotland's 'Dear Transphobes' campaign.

https://t.co/uayhqEP7jP",8
8,0.0,Thu Sep 27 12:32:06 +0000 2018,0.0,0.0,@BBC,"What a moment! üòÆ üêô

A man has been filmed being slapped in the face with a large octopus thrown by a seal. üëâ‚Ä¶ https://t.co/QxUgZSSXnX",9
9,-0.7579,Thu Sep 27 11:03:03 +0000 2018,0.351,0.0,@BBC,"Millions of seahorses are caught every year, threatening their global survival. üíî

https://t.co/CUYoiiYtXa",10
10,0.0,Thu Sep 27 10:44:32 +0000 2018,0.0,0.0,@BBC,"RT @BBCTwo: BBC Two just got a brand new look.

Check out some of our new Idents in all their glory‚Ä¶

More info here: https://t.co/5WJBbgGY‚Ä¶",11
11,-0.4753,Thu Sep 27 10:02:02 +0000 2018,0.154,0.0,@BBC,"We feel for Deirdre trying to answer some of these... it's unlikely Agony Aunt letters! ‚úâÔ∏èüòÇ #MockTheWeek

https://t.co/iUev3YVy9v",12
12,0.8697,Thu Sep 27 09:04:05 +0000 2018,0.0,0.38,@BBC,"Talk about an anticlimax!

When these rescue workers were called to save a drowning man, they got a HUGE surprise..‚Ä¶ https://t.co/PAVPpirEj0",13
13,0.7964,Thu Sep 27 08:04:04 +0000 2018,0.056,0.265,@BBC,"""It was probably the end of the night and I was definitely ready for my bed."" üòÇ

When a photo of you in a nightclub‚Ä¶ https://t.co/asnG7gQrC9",14
14,0.5411,Thu Sep 27 07:32:04 +0000 2018,0.0,0.162,@BBC,"Up, up and away! These enormous kites took to the sky at a festival in Germany. üå¨  https://t.co/HSIAQAQQE9 https://t.co/iIWX5ERx8I",15
15,0.5551,Thu Sep 27 07:04:02 +0000 2018,0.0,0.339,@BBC,"So cute! üòçüê£ Meet Germany's 'Papa Goose'... 

https://t.co/3NtLqZQcnm",16
16,0.0,Wed Sep 26 20:03:06 +0000 2018,0.0,0.0,@BBC,The 14th Century house used as the birthplace of Harry Potter is still up for sale. ‚ö°Ô∏èüìñ  https://t.co/dcspAsDKrg https://t.co/NEOGYEkwBr,17
17,0.0,Wed Sep 26 19:07:05 +0000 2018,0.0,0.0,@BBC,"üì¨Do not post crisp packets to Walkers, says Royal Mail ‚û°Ô∏è

https://t.co/3JbgtRfiBQ https://t.co/VWRXGKC9nJ",18
18,0.0,Wed Sep 26 16:02:05 +0000 2018,0.0,0.0,@BBC,"Did the Duchess of Sussex break protocol when she closed her car door? 

https://t.co/o2n2k0msfU https://t.co/qYmnjcI0ZM",19
19,0.659,Wed Sep 26 15:03:05 +0000 2018,0.0,0.403,@BBC,"This puffer fish creates something absolutely breathtaking. üê°üò≤ #LifeStory 

https://t.co/mxU7VERaCI",20
20,-0.25,Wed Sep 26 14:04:00 +0000 2018,0.083,0.0,@BBC,"RT @bbcweather: From today, night is longer than day. üåÉ/‚òÄ and the darkness is increasing at a rate of 4/5mins a day. Jo #Autumn https://t.c‚Ä¶",21
21,0.0,Wed Sep 26 14:03:03 +0000 2018,0.0,0.0,@BBC,"Archaeologists have found a 400-year-old shipwreck off the coast of Portugal, in what one specialist called the ""di‚Ä¶ https://t.co/YP9fuo5Iz7",22
22,-0.1027,Wed Sep 26 13:04:06 +0000 2018,0.229,0.181,@BBC,"Another grand slam for @Andy_Murray üò¨

The tennis star took to Instagram to share the awkward moment he dropped a c‚Ä¶ https://t.co/fXEFv5P9Nz",23
23,0.0,Wed Sep 26 12:32:03 +0000 2018,0.0,0.0,@BBC,An orangutan named Rocky has become the first to mimic human speech. üôäüí¨  https://t.co/DIGdTHwpNq https://t.co/MeQwgxocmm,24
24,0.0,Wed Sep 26 12:30:08 +0000 2018,0.0,0.0,@BBC,"It‚Äôs National #FitnessDay! üèÄÔ∏è‚öΩÔ∏èüéæ

How much do you really know about exercise? 

Take this quiz to find out‚Ä¶‚Ä¶ https://t.co/8t1SMXLZp2",25
25,0.0,Wed Sep 26 11:02:01 +0000 2018,0.0,0.0,@BBC,"It's that time of year again... üôÑ

https://t.co/LxjiPTYUIG",26
26,0.3182,Wed Sep 26 10:46:44 +0000 2018,0.0,0.126,@BBC,RT @BBCRadio4: üé∂ Prepare for adventure as @gemcairn takes @KojeyRadical on a musical journey to Accra... https://t.co/mvTfrBzlnB,27
27,0.0,Wed Sep 26 10:04:04 +0000 2018,0.0,0.0,@BBC,"What. A. Voice. üòÆüëè

7-year-old Malea Emma was asked to sing the national anthem before an LA Galaxy game...

https://t.co/WHmbmTKkyU",28
28,0.0,Wed Sep 26 09:53:51 +0000 2018,0.0,0.0,@BBC,RT @BBCLater: Record-breaking UK solo artist @JessGlynne got our brand new series off to a storming start tonight... Watch the performance‚Ä¶,29
29,0.0,Wed Sep 26 09:04:04 +0000 2018,0.0,0.0,@BBC,"Discover the ancient volcanoes along Scotland‚Äôs west coast... üòÆüåã

https://t.co/kEPUuvtDN3",30
30,0.4767,Wed Sep 26 08:04:03 +0000 2018,0.168,0.353,@BBC,How to help a friend who's struggling with mental health. https://t.co/X9PwihsgH9 https://t.co/0lUMrtmb1j,31
31,0.0,Wed Sep 26 07:31:04 +0000 2018,0.0,0.0,@BBC,"Students can take a David Bowie course at Leeds University. ‚úçüéì 

üìªüëâ https://t.co/4jPPrnAK5S https://t.co/0ISuNTEZ5b",32
32,0.0,Wed Sep 26 07:02:07 +0000 2018,0.0,0.0,@BBC,"From Hawarden to Mount Snowdon, it's #MonkmanAndSeagull's Guide To Wales! üôå @e_monkman @bobby_seagull 

https://t.co/witW8qatbV",33
33,0.296,Tue Sep 25 20:03:05 +0000 2018,0.0,0.145,@BBC,"Tonight @JessGlynne, @idlesband, @softcellhq, @Ralph_McTell, @KingPrincess69 and @HakBaker join Jools on the first‚Ä¶ https://t.co/Lb6VCJ3eQI",34
34,0.4019,Tue Sep 25 19:03:06 +0000 2018,0.0,0.137,@BBC,"Christopher Eccleston narrates a film which asks whether, a century later, the lessons learnt in 1918 might help us‚Ä¶ https://t.co/BiR6nIr1bz",35
35,0.0,Tue Sep 25 16:32:49 +0000 2018,0.0,0.0,@BBC,"RT @BBCOne: **BREAKING** Meet your 2018 candidates, as introduced by @MattEdmondson on @bbciplayer &gt;&gt; https://t.co/oUaGVpPBuf

#TheApprenti‚Ä¶",36
36,0.6114,Tue Sep 25 16:02:03 +0000 2018,0.0,0.285,@BBC,"Happy birthday to the one and only Will Smith! üéâüéà

https://t.co/CqmihTvPYW",37
37,0.5267,Tue Sep 25 15:02:02 +0000 2018,0.089,0.226,@BBC,".@BTS_twt have now gone where no K-pop group has gone before: The United Nations.

In a powerful speech, Kim Nam-jo‚Ä¶ https://t.co/bkZFU5VfFX",38
38,0.0,Tue Sep 25 14:00:23 +0000 2018,0.0,0.0,@BBC,"üî§Scrabble players will now be able to use words such as ""OK"" and ""ew"" after a US dictionary company announced it wa‚Ä¶ https://t.co/kMHWzb8Gwi",39
39,0.0,Tue Sep 25 13:05:02 +0000 2018,0.0,0.0,@BBC,"In Sweden, you get paid double to be a parent.

(Via @BBCThree)

https://t.co/daXes3fiZX",40
40,0.0,Tue Sep 25 12:32:05 +0000 2018,0.0,0.0,@BBC,Indonesian teenager survives 49 days adrift at sea in 'fishing hut'. https://t.co/5rKpohNfRi https://t.co/qlRvoxZGe2,41
41,0.0,Tue Sep 25 11:03:05 +0000 2018,0.0,0.0,@BBC,"This is what happens when you teach African teenage girls to fly. ‚úàÔ∏è

https://t.co/1Kp4Ael1FO",42
42,0.0,Tue Sep 25 10:39:01 +0000 2018,0.0,0.0,@BBC,"RT @bbcpress: üëâ Meet the new #TheApprentice contestants. Who will be the first to hear the words ""you're fired""? Series starts 3 October on‚Ä¶",43
43,0.0,Tue Sep 25 10:03:02 +0000 2018,0.0,0.0,@BBC,"Who knew eating a pizza could be this filthy? üòÇüçï #QI

https://t.co/eeYWlRL9eV",44
44,0.4215,Tue Sep 25 08:53:02 +0000 2018,0.0,0.128,@BBC,"‚ôªÔ∏è It's so different from place to place‚Ä¶ is there an easier way to sort this plastic recycling? 

https://t.co/75TG6dddQd",45
45,0.2263,Tue Sep 25 08:30:00 +0000 2018,0.0,0.213,@BBC,"Plastic is everywhere. Are you surprised?

#PlasticsWatch https://t.co/q1QXHYgYAR",46
46,0.0,Tue Sep 25 08:02:07 +0000 2018,0.0,0.0,@BBC,"ü§îüé®Quiz: Can you guess which musicians painted these pictures?

https://t.co/CNo9uMGasj https://t.co/YrQeRins9E",47
47,0.6369,Tue Sep 25 07:32:06 +0000 2018,0.0,0.231,@BBC,"üéìWhat's the best university name in the world to put on a job application?

https://t.co/2uEYRC075L https://t.co/tLmNn6W4Rt",48
48,0.6369,Mon Sep 24 20:45:07 +0000 2018,0.0,0.198,@BBC,"Ô∏è‚öΩÔ∏èüèÜ @HKane, @hazardeden10 and @MoSalah are on the shortlist for the best men's player, while England's @LucyBronze‚Ä¶ https://t.co/3cD3mKTSMk",49
49,-0.34,Mon Sep 24 18:02:07 +0000 2018,0.112,0.0,@BBC,"Keeping the head on is an unwritten rule of the job... üò≥Ô∏è‚öΩÔ∏è

A video of Colorado's football mascot accidentally sho‚Ä¶ https://t.co/vn9YzZeMLj",50
50,-0.2714,Mon Sep 24 16:32:08 +0000 2018,0.099,0.0,@BBC,"‚ú®üï∫üíÉ @ZoeTheBall is back to give the lowdown on this series of @BBCStrictly!

Strictly - It Takes Two | 6:30pm |‚Ä¶ https://t.co/6rLJAtcYYx",51
51,0.0,Mon Sep 24 16:26:11 +0000 2018,0.0,0.0,@BBC,"RT @BBCOne: We're doing this to the letter, fellas. #LineOfDuty is back in t-w-e-n-t-y n-i-n-e-t-e-e-n. @martin_compston @Vicky_McClure htt‚Ä¶",52
52,0.2144,Mon Sep 24 15:53:55 +0000 2018,0.099,0.128,@BBC,RT @BBCOne: How easy is it to get help for mental health when you need it? 14-year-old Jess was refused treatment for anxiety but went on t‚Ä¶,53
53,0.0,Mon Sep 24 15:17:27 +0000 2018,0.0,0.0,@BBC,"RT @bbcdoctorwho: 1,2,3,4‚Ä¶. Thirteen #DoctorWho #Sheffield https://t.co/xaDWu2DmtF",54
54,0.0,Mon Sep 24 15:06:34 +0000 2018,0.0,0.0,@BBC,"Papa‚Ä¶ what? ü§îüòÇ 

A new series of Letterbox starts today at 6pm on @BBCTwo. 
https://t.co/NLP3Hx0YSK https://t.co/c8myHijbdz",55
55,0.6361,Mon Sep 24 13:59:07 +0000 2018,0.0,0.295,@BBC,"‚úàÔ∏èIs this one of the world's most beautiful airports?

https://t.co/ewqnUMEhZY https://t.co/aFxlQBAET6",56
56,-0.2247,Mon Sep 24 13:01:06 +0000 2018,0.127,0.0,@BBC,"So. Awkward. üçóüò≥üòÇ

When @lilyallen had to turn down chicken wings from @Drake... 

https://t.co/4pCjbGbUjY",57
57,0.6597,Mon Sep 24 11:36:41 +0000 2018,0.0,0.213,@BBC,"RT @bbcpress: Who were your #BluePeter presenters growing up? üéÇ6‚É£0‚É£üéÇ The @CBBC show will celebrate 60 years next month. Facts, interviews a‚Ä¶",58
58,0.4019,Mon Sep 24 11:08:45 +0000 2018,0.0,0.172,@BBC,"Christina set up ‚ÄòSandwich Angels‚Äô to help feed Manchester‚Äôs homeless community. (Via @bbcthree)

https://t.co/Xq0WVgZFFe",59
59,0.0,Mon Sep 24 10:02:07 +0000 2018,0.0,0.0,@BBC,"""Girls have rights and I have rights to an education."" üíõ

This young woman choose to teach instead of becoming a te‚Ä¶ https://t.co/lFAjrelhXI",60
60,-0.128,Mon Sep 24 09:03:02 +0000 2018,0.111,0.0,@BBC,"üò≥üòÇ ""I'm going to leave it there because the lawyers are on the phone""

When @BBCSimonMcCoy sat down for a serious i‚Ä¶ https://t.co/HAuyMtgM2c",61
61,0.7184,Mon Sep 24 08:49:40 +0000 2018,0.0,0.231,@BBC,"RT @BBCSportWales: Are you brave enough to dive off a cliff? 

This teenager is - and he's about to make history üò≤ https://t.co/8fOgNK7URM",62
62,0.0,Mon Sep 24 08:02:05 +0000 2018,0.0,0.0,@BBC,Mosquitoes are transferring plastics into the food chain. üëâ https://t.co/tjdOPX0zrn https://t.co/O4VxfryLpA,63
63,0.0,Mon Sep 24 07:31:07 +0000 2018,0.0,0.0,@BBC,There are plans for scientists in Russia to attempt to bring woolly mammoths back from extinction. üî¨‚Ä¶ https://t.co/31HyafKzgN,64
64,0.0,Mon Sep 24 07:02:04 +0000 2018,0.0,0.0,@BBC,This is the most hardcore baptism you‚Äôll ever see - a mum carrying her baby to a church up a near-vertical cliff fa‚Ä¶ https://t.co/RXxvIRWdyS,65
65,0.128,Sun Sep 23 22:04:30 +0000 2018,0.103,0.124,@BBC,"RT @BBCOne: 157 crew.
88 shoot days.
56 cast.
23 stunt performers.
6 episodes.
2 directors.
1 writer.
1 epic finale. 

Thanks for watching‚Ä¶",66
66,-0.7398,Sun Sep 23 20:32:23 +0000 2018,0.288,0.0,@BBC,"RT @BBCOne: Just David Budd, having the epitome of a VERY BAD DAY. #Bodyguard https://t.co/uuz9xTSusb",67
67,0.4939,Sun Sep 23 19:04:06 +0000 2018,0.071,0.214,@BBC,"Get ready to learn the truth.

Don‚Äôt miss the epic finale of #Bodyguard. Tonight at 9pm on @BBCOne.

https://t.co/WBN1aXFHDl",68
68,0.0,Sun Sep 23 18:02:04 +0000 2018,0.0,0.0,@BBC,"ü§îüìÜ Quiz: Can you guess which celebrity is the oldest? 

https://t.co/EVdI3SRIxf https://t.co/7hc2mzrx3B",69
69,0.5267,Sun Sep 23 17:02:01 +0000 2018,0.071,0.221,@BBC,"Falling leaves, dramatic skies, misty mornings... üçÇüå∞ü¶ä

7 signs that autumn is well and truly on its way. üëâ‚Ä¶ https://t.co/iNXWoE3zcW",70
70,0.3818,Sun Sep 23 16:04:03 +0000 2018,0.0,0.245,@BBC,"'We're in love but never have sex'. 

https://t.co/IOgVh8eiFC https://t.co/dCLDcKhQ0Y",71
71,0.8058,Sun Sep 23 15:03:04 +0000 2018,0.0,0.447,@BBC,"Sea dragons are so elegant üòç #Oceans

https://t.co/yulAjV8D0S",72
72,0.3716,Sun Sep 23 14:02:06 +0000 2018,0.066,0.173,@BBC,"Low on cash but still want to whip up a mouthwatering meal? üçùü•òüçõ

Raid the store cupboard to create these delicious‚Ä¶ https://t.co/eMfg1xSQEo",73
73,0.0,Sun Sep 23 12:44:40 +0000 2018,0.0,0.0,@BBC,"RT @BBCOne: The #Bodyguard finale is 75 minutes long. 
So here‚Äôs 75 reasons why we ‚ù§Ô∏è this show. 

See you at 9pm for the epic conclusion.‚Ä¶",74
74,0.0,Sun Sep 23 11:02:02 +0000 2018,0.0,0.0,@BBC,"Meet Ross. He's swimming the entire coast of Britain and has faced wetsuit burns, ""salt tongue"" and jellyfish. üò¨üåä

https://t.co/pj8THPs7g8",75
75,-0.5256,Sun Sep 23 10:04:02 +0000 2018,0.253,0.0,@BBC,"What's the most dangerous job in the world? #QI üî•‚úÇÔ∏èüò¨

https://t.co/hQ7vwFLc1A",76
76,0.4019,Sun Sep 23 09:03:05 +0000 2018,0.0,0.137,@BBC,"*Googles how to become a special effects artist...*

üò≤üé¨ Meet the team behind every gripping action sequence in‚Ä¶ https://t.co/sTE4R5sVJE",77
77,0.5023,Sun Sep 23 08:03:04 +0000 2018,0.0,0.115,@BBC,"A lot has changed in 20 years, but do you remember what life was like in 1998? ü§î

Take the twenty years of change c‚Ä¶ https://t.co/AP2Lr1Jeq1",78
78,0.0,Sun Sep 23 07:31:05 +0000 2018,0.0,0.0,@BBC,"A giant 300m-long spiderweb has appeared in Greece. The phenomenon is caused by Tetragnatha spiders, which can buil‚Ä¶ https://t.co/WReys8HSJV",79
79,0.0,Sun Sep 23 07:03:01 +0000 2018,0.0,0.0,@BBC,"It's been just over a year since @Harry_Styles made his Live Lounge debut. üíï

His cover of Fleetwood Mac's 'The Cha‚Ä¶ https://t.co/ZtNRkwd9bs",80
80,-0.296,Sat Sep 22 19:04:06 +0000 2018,0.121,0.0,@BBC,"Seeking a missing man, detective Jay Swan finds an outback community fractured by secrets. 

#MysteryRoad | 9pm |‚Ä¶ https://t.co/7ogs71Algw",81
81,0.0,Sat Sep 22 18:06:53 +0000 2018,0.0,0.0,@BBC,RT @bbcthree: Me walking in on the drama I've caused just after I've caused it #Strictly https://t.co/VlbewRmJt8,82
82,0.68,Sat Sep 22 18:06:33 +0000 2018,0.0,0.259,@BBC,"RT @BBCiPlayer: Happy Birthday, @billiepiper! üéÇ üéà
Here's a throwback to her emotional goodbye in Doctor Who. https://t.co/Mb9fPYDiyH",83
83,0.5719,Sat Sep 22 17:03:07 +0000 2018,0.0,0.156,@BBC,Jack wanted to do something different to celebrate turning 106... so he became the oldest person ever to have zip-l‚Ä¶ https://t.co/WVOmVlpIZz,84
84,0.4199,Sat Sep 22 16:14:07 +0000 2018,0.0,0.128,@BBC,"Get ready to start dancing! ‚ú®üíÉüï∫

This year's @BBCStrictly celebrities have had two weeks to rehearse their first ro‚Ä¶ https://t.co/ADIc1vi0we",85
85,0.0,Sat Sep 22 15:04:05 +0000 2018,0.0,0.0,@BBC,"This is the first time this baby rhino has been outside! üòçü¶è #WorldRhinoDay

https://t.co/OJdiiKiyIK",86
86,-0.1308,Sat Sep 22 14:03:05 +0000 2018,0.132,0.075,@BBC,Pictures of sea life tangled in plastic waste mean the pressure is on to do more to help. But what can be recycled‚Ä¶ https://t.co/RnQPBTRO44,87
87,-0.5574,Sat Sep 22 13:30:22 +0000 2018,0.194,0.0,@BBC,RT @BBCBreaking: Chas Hodges - one half of the musical duo Chas &amp; Dave - has died https://t.co/sLok83mgNk,88
88,0.6369,Sat Sep 22 13:30:08 +0000 2018,0.0,0.174,@BBC,"RT @BBC6Music: üì∫ What‚Äôs the best thing you‚Äôve watched on the iPlayer lately?
1) #KillingEve @bbcthree
2) #CanYouFeelIt @BBCFOUR
3) #TheBody‚Ä¶",89
89,0.4574,Sat Sep 22 13:04:09 +0000 2018,0.0,0.13,@BBC,"RT @bbcstrictly: It's getting real now. #Strictly Come Dancing, LIVE tonight 6.15pm @BBCOne. RT if you'll be watching! üéâ https://t.co/uIRTh‚Ä¶",90
90,0.8908,Sat Sep 22 13:01:03 +0000 2018,0.0,0.384,@BBC,Amazing! üíßüç¨üëµ Lewis has invented jelly sweets filled with water to encourage his grandma with dementia to stay hydra‚Ä¶ https://t.co/BAXUAFZYLQ,91
91,0.4574,Sat Sep 22 11:04:03 +0000 2018,0.0,0.166,@BBC,"The official trailer is here! 

""I‚Äôm the Doctor, when people need help, I never refuse."" #DoctorWho

https://t.co/0fLnk99haj",92
92,0.5965,Sat Sep 22 10:04:05 +0000 2018,0.0,0.204,@BBC,'I've had so much support from mums who thought that they couldn't do anything for themselves straight after they h‚Ä¶ https://t.co/iKgJY3L64W,93
93,0.4574,Sat Sep 22 09:03:08 +0000 2018,0.0,0.13,@BBC,"Do you have any pictures of your family at Stonehenge? 

üì∑ üë®‚Äçüë©‚Äçüë¶‚Äçüë¶ @EnglishHeritage needs your help! 

https://t.co/MxpcFHCYlq",94
94,0.0,Sat Sep 22 08:01:06 +0000 2018,0.0,0.0,@BBC,"Oops! ü§¶‚Äç‚ôÄÔ∏è‚úàÔ∏è

An airline has had to send a plane back to the paint shop after the company's name was spelled incorr‚Ä¶ https://t.co/PtaEH3CPXf",95
95,0.4019,Sat Sep 22 07:31:05 +0000 2018,0.0,0.119,@BBC,"Many yoghurts are full of sugar and the public should not be lulled into thinking they are eating healthy products,‚Ä¶ https://t.co/RJysRsxaZD",96
96,0.5093,Sat Sep 22 07:02:05 +0000 2018,0.0,0.148,@BBC,"The black-footed cat is the deadliest (but cutest?!) wild cat in the world. üòª #BigCats 

https://t.co/FjFZDR7bZ8",97
97,0.8957,Fri Sep 21 19:10:09 +0000 2018,0.0,0.329,@BBC,"RT @BBCRadio1PR: Mum always knows best üëº @RayBLK_ reveals who inspires her as she heads out on the #1XtraLive Inspire ME tour

#inspireme h‚Ä¶",98
98,0.2481,Fri Sep 21 18:03:06 +0000 2018,0.0,0.105,@BBC,"""Everybody will see this and think that I'm a trillionaire!""

After students gave their university cleaner ¬£1,500 s‚Ä¶ https://t.co/n2N1cHJky0",99
99,0.836,Fri Sep 21 17:03:01 +0000 2018,0.0,0.305,@BBC,"""Working on this project has been a tremendous labour of love"" üìñüíïü•ò

Meghan Markle celebrated the launch of her Gren‚Ä¶ https://t.co/vbPiUJw3sr",100
100,0.0,Thu Sep 27 17:19:16 +0000 2018,0.0,0.0,@CBS,"Candice Bergen tells @colbertlateshow the presidential way tonight's @MurphyBrownCBS premiere imitates life, albeit‚Ä¶ https://t.co/4Kbk8gt6nS",1
101,-0.34,Thu Sep 27 16:58:08 +0000 2018,0.25,0.169,@CBS,@marlagardner222 @jay_hernandez Good idea. The theme song is a dead giveaway. üòâ,2
102,0.0,Thu Sep 27 00:44:13 +0000 2018,0.0,0.0,@CBS,@queenmama7777 @CBSAllAccess We believe in you! https://t.co/ZK0xaPRxVr,3
103,0.0,Thu Sep 27 00:42:15 +0000 2018,0.0,0.0,@CBS,@BSkyjackcity @jokersupdates @CBSAllAccess On it. https://t.co/yxKX9ry7fw,4
104,0.1139,Wed Sep 26 21:49:27 +0000 2018,0.0,0.071,@CBS,Sixteen houseguests entered and now it's down to the Final 3. Don't miss a second of the 90-minute #BB20Finale toni‚Ä¶ https://t.co/KwDHR9Hfqu,5
105,0.6249,Wed Sep 26 19:57:54 +0000 2018,0.0,0.221,@CBS,"The tribe has spoken, and they do a pretty decent @JeffProbst impression just in time for the @survivorcbs Season P‚Ä¶ https://t.co/2Ps8VKblay",6
106,0.0,Wed Sep 26 17:25:43 +0000 2018,0.0,0.0,@CBS,"‚ö°Ô∏è ‚ÄúFBI Premieres on CBS‚Äù

https://t.co/faL6iHZc5g",7
107,-0.2714,Tue Sep 25 21:10:56 +0000 2018,0.138,0.098,@CBS,"RT @CBSAllAccess: A night of crime dramas?! Oh yes. üôå Stream @NCIS_CBS, @FBICBS &amp; @NCISNewOrleans starting at 8/7c on CBS All Access: https‚Ä¶",8
108,-0.2263,Tue Sep 25 20:31:45 +0000 2018,0.091,0.0,@CBS,"Before @FBICBS premieres tonight, @mperegrym stopped by @CBSThisMorning to talk about her role as an FBI agent in t‚Ä¶ https://t.co/CPVki4Hv8y",9
109,0.0,Tue Sep 25 19:54:26 +0000 2018,0.0,0.0,@CBS,RT @CBSAllAccess: üö® @PatrickBrammall. Tim Meadows. @jessicaalba. @iamgreenfield. @AHWAmySedaris. @ChrisGethard. @JoeManganiello. AND SO MAN‚Ä¶,10
110,0.7901,Tue Sep 25 19:45:33 +0000 2018,0.0,0.291,@CBS,RT @bigbangtheory: Happy #NationalComicBookDay from Sheldon and his many shirts! How are you sporting your favorite superhero today? #BigBa‚Ä¶,11
111,0.0,Tue Sep 25 18:34:26 +0000 2018,0.0,0.0,@CBS,"‚ö°Ô∏è ‚ÄúMagnum P.I. Premieres on CBS‚Äù

https://t.co/UtbQlcDG8S",12
112,0.0,Tue Sep 25 18:05:31 +0000 2018,0.0,0.0,@CBS,".@jay_hernandez went on @latelateshow to talk about @MagnumPICBS, but he may have gotten @TiffanyHaddish as a surf‚Ä¶ https://t.co/a3acRu10aw",13
113,0.0,Mon Sep 24 18:56:15 +0000 2018,0.0,0.0,@CBS,"RT @60Minutes: 60 Minutes turns 50 today. Tick, tick, tick ... https://t.co/3CVKEs9J7F",14
114,-0.2263,Sun Sep 23 23:24:03 +0000 2018,0.087,0.0,@CBS,"Due to #NFL football game overrun, #CBS Sunday lineup is delayed in ATL, Indy, NOLA, Kansas City, NYC, Philly, Prov‚Ä¶ https://t.co/fejqoxtvSY",15
115,0.0,Sun Sep 23 14:00:00 +0000 2018,0.0,0.0,@CBS,Kick off your Sunday with @NFL on CBS. Catch your local games live on CBS and @CBSAllAccess. üèàüì∫‚Ä¶ https://t.co/kbo7N27mY9,16
116,0.296,Fri Sep 21 19:18:00 +0000 2018,0.098,0.144,@CBS,"How does $100,000 sound? Because someone is going to win all that tonight on the @TKOCBS Battle Royale finale at 9p‚Ä¶ https://t.co/JEuUZ2QlQh",17
117,-0.1531,Fri Sep 21 17:46:26 +0000 2018,0.162,0.123,@CBS,@colbertlateshow @IainLoveTheatre @IainLoveTheatre made a compelling argument. We'll get back to you. üòâ,18
118,0.296,Thu Sep 20 23:17:19 +0000 2018,0.0,0.109,@CBS,"Now that @bigbangtheory is entering its last season, Kaley Cuoco admits to @latelateshow she's over the show's noto‚Ä¶ https://t.co/xvhlMWBhSX",19
119,0.7896,Thu Sep 20 21:38:21 +0000 2018,0.0,0.212,@CBS,RT @HawaiiFive0CBS: It‚Äôs the big Five-0! üéâ üåä #H50 premiered on this day in 1968! Celebrate 50 years of Hawaii Five-0 with every season of b‚Ä¶,20
120,0.0,Thu Sep 20 16:47:26 +0000 2018,0.0,0.0,@CBS,RT @JordanPeele: üì∫üåÄ https://t.co/CygbVi4JFC,21
121,-0.0531,Wed Sep 19 19:07:37 +0000 2018,0.236,0.176,@CBS,The @latelateshow and @JKCorden will never be good enough for @henrygolding's crazy rich mom.‚Ä¶ https://t.co/xVmH5Iyfvs,22
122,0.6486,Tue Sep 18 17:04:20 +0000 2018,0.0,0.209,@CBS,RT @CBSThisMorning: Imagine receiving a digital friend request from someone claiming to be God. What would you do? The new @CBS drama @GodF‚Ä¶,23
123,0.9642,Mon Sep 17 22:01:52 +0000 2018,0.0,0.527,@CBS,"RT @PriceIsRight: We're thrilled to be back with all new, fun, and exciting shows!!  We hope to give you another award winning season! HERE‚Ä¶",24
124,0.0,Mon Sep 17 21:41:20 +0000 2018,0.0,0.0,@CBS,RT @SalvationCBS: X marks the spot on the heart-stopping season finale of #SalvationCBS tonight at 9/8c on CBS &amp; CBS All Access: https://t.‚Ä¶,25
125,0.3612,Mon Sep 17 19:18:37 +0000 2018,0.0,0.263,@CBS,Waiting for tonight's @Elementary_CBS season finale like https://t.co/Ou8342vGT9,26
126,-0.2263,Sun Sep 16 23:48:59 +0000 2018,0.091,0.0,@CBS,"Due to an NFL overrun, the CBS Sunday lineup is delayed in the East/Central cities ONLY. New start times:‚Ä¶ https://t.co/IypoJ0l16P",27
127,0.0,Sun Sep 16 14:33:46 +0000 2018,0.0,0.0,@CBS,RT @CBSAllAccess: Sundays were made for NFL on CBS. üèàüíØ Stream NFL on CBS All Access live today: https://t.co/vsod8jGE7N https://t.co/co2528‚Ä¶,28
128,-0.4322,Sat Sep 15 16:00:01 +0000 2018,0.159,0.07,@CBS,"What happens when a PTA mom steals nearly $100,000 from her daughter's school? Don't miss the #PinkCollarCrimes sea‚Ä¶ https://t.co/Gjiy0pByaE",29
129,-0.2481,Fri Sep 14 18:22:59 +0000 2018,0.233,0.17,@CBS,"RT @CBSAllAccess: No internet, no problem. You can now download and play your favorite shows on CBS All Access! üôå Learn how: https://t.co/y‚Ä¶",30
130,0.0,Thu Sep 13 20:52:06 +0000 2018,0.0,0.0,@CBS,@PlaggemeyLee Mac's putting something together. üòâ https://t.co/6ww5HlV6Bx,31
131,0.0,Thu Sep 13 20:28:06 +0000 2018,0.0,0.0,@CBS,This just in... https://t.co/QG3OYF6Rfv,32
132,0.4753,Thu Sep 13 18:06:49 +0000 2018,0.083,0.218,@CBS,RT @CBSAllAccess: Get excited! Stream original #MurphyBrown episodes for a limited time on CBS All Access before the @MurphyBrownCBS reviva‚Ä¶,33
133,0.0,Mon Sep 10 17:06:16 +0000 2018,0.0,0.0,@CBS,"This just in! The 54th #ACMawards will air LIVE from Las Vegas on Sunday, April 7, 2019 at 8/7c on CBS and‚Ä¶ https://t.co/Q9e7qxe26l",34
134,-0.2263,Sun Sep 09 23:36:09 +0000 2018,0.083,0.0,@CBS,"Due to an NFL overrun, CBS is delayed 17 mins in the following markets: Kansas City, Miami, Tampa, NOLA, New York,‚Ä¶ https://t.co/9eXZ9mA1Xb",35
135,0.6705,Sun Sep 09 14:00:00 +0000 2018,0.0,0.256,@CBS,Are you ready for some football? üèà Stream your favorite NFL games LIVE on #CBSAllAccess today:‚Ä¶ https://t.co/eHt8guHoyv,36
136,0.4215,Sat Sep 08 16:20:43 +0000 2018,0.0,0.149,@CBS,An unforgettable night of inspiring stories and performances highlighting the 10 years of impact #StandUpToCancer c‚Ä¶ https://t.co/8bp2XNKwfH,37
137,0.0,Sat Sep 08 00:00:00 +0000 2018,0.0,0.0,@CBS,The star-studded event is about to begin! Tune in now to watch #StandUpToCancer on CBS and @cbsallaccess. https://t.co/cD8TJuQBog,38
138,-0.5411,Fri Sep 07 23:15:09 +0000 2018,0.196,0.092,@CBS,"RT @cbsallaccess: Join #TellMeAStory's @daniellemcam, @BillyMagnussen &amp; Dorian Missick by standing up to cancer! Watch @SU2C tonight at 8/7‚Ä¶",39
139,0.0,Fri Sep 07 21:50:51 +0000 2018,0.0,0.0,@CBS,Tune in to a first-of-its-kind digital live show as lead up to @SU2C‚Äôs televised event tonight! The show will featu‚Ä¶ https://t.co/hIVaLAXYmR,40
140,-0.296,Thu Sep 06 22:10:49 +0000 2018,0.121,0.0,@CBS,Hollywood legend Burt Reynolds has passed away at the age of 82. He will be missed. https://t.co/HSmcJ9X9iC,41
141,0.4753,Thu Sep 06 19:00:01 +0000 2018,0.0,0.192,@CBS,Here are @FBICBS‚Äô @JeremySisto and @EboneeReigne with a powerful message before #StandUpToCancer airs tomorrow! https://t.co/OCqh91N1OO,42
142,0.0,Wed Sep 05 21:00:00 +0000 2018,0.0,0.0,@CBS,Here's everything you need to know before tuning into #StandUpToCancer this Friday at 8/7c: https://t.co/IT9ht84TZ1 https://t.co/OK4AOxw5mP,43
143,0.3612,Wed Sep 05 17:32:40 +0000 2018,0.0,0.111,@CBS,Survivor host @JeffProbst is here to break down the theme of #Survivor: David vs. Goliath before the new season beg‚Ä¶ https://t.co/8TcA200eFQ,44
144,0.6908,Wed Sep 05 16:48:09 +0000 2018,0.0,0.533,@CBS,"Thanks, @StephenAtHome. 
P.S. Nice beard. #LSSC https://t.co/wppVtfR9cL",45
145,0.4215,Tue Sep 04 20:34:26 +0000 2018,0.0,0.135,@CBS,The biggest names in entertainment are coming together once again for #StandUpToCancer this Friday at 8/7c on @CBS‚Ä¶ https://t.co/ntuGKLYvuW,46
146,0.6514,Sat Sep 01 15:25:34 +0000 2018,0.0,0.171,@CBS,RT @cbsallaccess: Stream #17 @WestVirginiaU vs. @UTKnoxville LIVE today at 3:30PM ET on CBS All Access! Try 1 month FREE using code BINGENO‚Ä¶,47
147,0.0,Fri Aug 31 21:26:49 +0000 2018,0.0,0.0,@CBS,"In just one week, @RWitherspoon, @McConaughey, Jennifer Garner, and more will attend the #‚ÄãStandUpToCancer fundrais‚Ä¶ https://t.co/iHKGOoWejA",48
148,0.0,Fri Aug 31 18:01:01 +0000 2018,0.0,0.0,@CBS,"Believe in miracles. Watch this sneak peek of the complete premiere episode of @GodFriendedMe now, a month before i‚Ä¶ https://t.co/5AIUH5VmMk",49
149,-0.6908,Thu Aug 30 19:45:51 +0000 2018,0.239,0.0,@CBS,"RT @cbsallaccess: Money. Murder. Mystery. #OneDollar is now streaming, exclusively on CBS All Access. https://t.co/3qFdTEmVU5 https://t.co/‚Ä¶",50
150,0.6239,Thu Aug 30 15:32:47 +0000 2018,0.0,0.17,@CBS,RT @GodFriendedMe: It's a godsend! We're dropping the #GodFriendedMe pilot tomorrow right here on Twitter for you to stream a full month be‚Ä¶,51
151,0.0,Mon Aug 27 23:36:57 +0000 2018,0.0,0.0,@CBS,"It's almost time for sweater weather, pumpkin spice lattes, and CBS Fall TV premieres. Check out the storylines for‚Ä¶ https://t.co/BpgDyYl8fc",52
152,-0.4389,Fri Aug 24 20:30:16 +0000 2018,0.112,0.0,@CBS,RT @cbsallaccess: #NFL preseason coverage is here! üèà The Detroit @Lions battle the Tampa Bay @Buccaneers tonight at 8PM ET. Stream the game‚Ä¶,53
153,0.0,Wed Aug 22 20:55:25 +0000 2018,0.0,0.0,@CBS,"@bigbangtheory üé∂...happy kitty, sleepy kitty, purr purr purrüé∂ #TheBigBangTheory https://t.co/sEObppGJlZ",54
154,0.0,Wed Aug 22 20:10:12 +0000 2018,0.0,0.0,@CBS,"This is going to require multiple singings of ""Soft Kitty."" https://t.co/UdRGNeQ7Lb",55
155,0.5423,Mon Aug 20 21:59:56 +0000 2018,0.0,0.171,@CBS,Got to get more of the @PaulMcCartney #CarpoolKaraoke into your life? @latelateshow produced an hour-long bonus spe‚Ä¶ https://t.co/DjPqajo6Xn,56
156,0.3182,Fri Aug 17 17:42:02 +0000 2018,0.0,0.113,@CBS,"How much does it cost to bury the truth? 
#OneDollar premieres August 30, exclusively on CBS All Access. https://t.co/ZL5TBH9ro5",57
157,0.0,Thu Aug 16 18:40:09 +0000 2018,0.0,0.0,@CBS,Things got carried away when @ArianaGrande joined @latelateshow for #CarpoolKaraoke. So did Ariana. #ArianaCarpool https://t.co/WSZcC0TaYz,58
158,-0.5267,Thu Aug 16 00:09:03 +0000 2018,0.188,0.092,@CBS,RT @cbsallaccess: Murder mystery set in a small town? We're in. Rediscover the genius of original #TwinPeaks co-creators @DAVID_LYNCH and @‚Ä¶,59
159,0.0,Sun Aug 12 23:30:02 +0000 2018,0.0,0.0,@CBS,New start times for @60Minutes 7:20ET/6:20CT @CBSBigBrother 8:20ET/7:20CT @NCISLA 9:20ET/8:20CT @Elementary_CBS 10:‚Ä¶ https://t.co/Op9VcDsREa,60
160,0.4389,Sun Aug 12 15:04:59 +0000 2018,0.0,0.126,@CBS,Clear your schedules for the 100th #PGAChamp! Stream the Final Round LIVE on @cbsallaccess at 2 PM ET across all de‚Ä¶ https://t.co/m6bH2pKTUN,61
161,-0.3182,Sat Aug 11 18:00:00 +0000 2018,0.103,0.0,@CBS,The fortune teller you‚Äôll meet this Saturday lived a life of luxury... by scamming her victims out of hundreds of t‚Ä¶ https://t.co/fJo6F2Eo5p,62
162,0.4926,Sat Aug 11 15:00:02 +0000 2018,0.0,0.144,@CBS,The 100th PGA Championship continues today! Stream it LIVE on @cbsallaccess at 2PM ET across all devices. Try 1 Wee‚Ä¶ https://t.co/jbMg06eOND,63
163,0.8957,Fri Aug 10 22:28:55 +0000 2018,0.0,0.419,@CBS,"To celebrate the 100th PGA Championship, relive some of the tournament's greatest moments with Luke Wilson. 

Don't‚Ä¶ https://t.co/wUuB93smr4",64
164,0.0,Fri Aug 10 19:59:14 +0000 2018,0.0,0.0,@CBS,"RT @TrueCrimeCBS: When Glenn Walp and Steve Doran uncovered theft at the Los Alamos National Laboratory, they HAD to blow their whistles. W‚Ä¶",65
165,0.6696,Thu Aug 09 21:00:00 +0000 2018,0.0,0.255,@CBS,Want to create your own @CBSBigBrother or @TKOCBS meme using one the photos here? It‚Äôs your lucky day! Head over to‚Ä¶ https://t.co/JHJWykNkQT,66
166,0.7901,Thu Aug 09 18:47:00 +0000 2018,0.0,0.28,@CBS,Time to celebrate! Your favorite Daytime shows will premiere with new seasons this fall. See all of the @CBSDaytime‚Ä¶ https://t.co/GNkK4Zf2kD,67
167,0.6696,Wed Aug 08 16:05:11 +0000 2018,0.0,0.209,@CBS,"Love is in the air, and the water! International smash hit #LoveIsland is coming to CBS. https://t.co/nepabuNoSU https://t.co/Cxgvkv463u",68
168,0.0,Tue Aug 07 16:06:57 +0000 2018,0.0,0.0,@CBS,The Executive Producers of @CBSBigBrother are teaming up with @KingJames and @MavCarter for an unprecedented televi‚Ä¶ https://t.co/V88bDeHmQs,69
169,0.3612,Mon Aug 06 00:20:55 +0000 2018,0.0,0.111,@CBS,"RT @cbsallaccess: Executive Producer of Tell Me A Story, @kevwilliamson, says ""What I like about the show, there‚Äôs nothing else on TV like‚Ä¶",70
170,0.7424,Mon Aug 06 00:07:38 +0000 2018,0.082,0.3,@CBS,RT @TheNeighborhood: Feel the love in this new teaser for #TheNeighborhood from the #CBS #TCA18! ü§ó https://t.co/rPmCozH5XP,71
171,0.3818,Mon Aug 06 00:02:58 +0000 2018,0.0,0.106,@CBS,RT @TheNeighborhood: Find out why Cedric the Entertainer and the cast think #TheNeighborhood is the kind of show that everyone can relate t‚Ä¶,72
172,0.5093,Mon Aug 06 00:02:02 +0000 2018,0.0,0.141,@CBS,That's all for our #CBS #TCA18 panels! Tune in this fall to watch all your favorite new shows. üôå https://t.co/hM85o9eRi8,73
173,0.0,Sun Aug 05 23:58:41 +0000 2018,0.0,0.0,@CBS,"RT @MagnumPICBS: ""If there was ever a time to bring back #MagnumPI, it's now."" - @PLenkov 
#CBS #TCA2018",74
174,0.8316,Sun Aug 05 23:44:39 +0000 2018,0.0,0.306,@CBS,"RT @MagnumPICBS: ""There are a lot of easter eggs from the original that fans from the original series will love, and they're peppered throu‚Ä¶",75
175,0.0,Sun Aug 05 23:41:21 +0000 2018,0.0,0.0,@CBS,"RT @MagnumPICBS: ""What we are trying to do is introduce the show to a new audience...it's going to open it up for anyone that's new and the‚Ä¶",76
176,0.5994,Sun Aug 05 23:35:49 +0000 2018,0.0,0.157,@CBS,"RT @MagnumPICBS: ""This has been my white whale since I was a kid. I always loved #MagnumPI. Putting words in Magnum's mouth is something I'‚Ä¶",77
177,0.0,Sun Aug 05 23:35:46 +0000 2018,0.0,0.0,@CBS,RT @MagnumPICBS: It's #MagnumPI time at the #CBS #TCA2018! Follow along as we live tweet the panel!,78
178,0.5826,Sun Aug 05 23:16:25 +0000 2018,0.0,0.173,@CBS,RT @happytogether: Thanks for following along! That concludes the #HappyTogether panel at the #CBS #TCA2018! @MagnumPICBS is up next!,79
179,-0.5093,Sun Aug 05 23:12:39 +0000 2018,0.202,0.0,@CBS,"RT @happytogether: Question: Even though you're not playing @Harry_Styles, did you do a Harry crash course?
@itsfelixwot: Absolutely not. C‚Ä¶",80
180,0.0,Sun Aug 05 23:10:20 +0000 2018,0.0,0.0,@CBS,"RT @happytogether: ""The show is about marriage, it's about getting a bit older, it's about youthfulness, it's about something happening and‚Ä¶",81
181,0.6041,Sun Aug 05 23:05:58 +0000 2018,0.0,0.225,@CBS,"RT @happytogether: ""It's always good to have a little bit of truth in whatever you're making.""- @wayansjr 

#HappyTogether #CBS #TCA2018",82
182,0.3802,Sun Aug 05 23:01:25 +0000 2018,0.0,0.147,@CBS,"RT @happytogether: ""I thought I was still young and cool until I met @itsfelixwot!"" -@AmberoniStevens #HappyTogether #CBS #TCA2018",83
183,-0.2057,Sun Aug 05 22:58:41 +0000 2018,0.083,0.0,@CBS,"RT @happytogether: ""We never wanted to create a show where people think ""Oh, did @Harry_Styles do that?"" -@benwinston on emphasizing that #‚Ä¶",84
184,0.0,Sun Aug 05 22:58:36 +0000 2018,0.0,0.0,@CBS,RT @happytogether: .@wayansjr is quick to point out that the characters in #HappyTogether are fictional. #CBS #TCA2018,85
185,-0.0572,Sun Aug 05 22:53:12 +0000 2018,0.064,0.0,@CBS,"RT @happytogether: ""@Harry_Styles became part of the family. We didn't want him to move out."" -@benwinston #CBS #HappyTogether #TCA18",86
186,-0.3612,Sun Aug 05 22:52:24 +0000 2018,0.121,0.059,@CBS,"RT @happytogether: ""It's about Cooper who wants nothing but normality and a boring life, and Jake and Claire, who want more excitement."" -@‚Ä¶",87
187,0.4939,Sun Aug 05 22:49:06 +0000 2018,0.0,0.138,@CBS,"RT @happytogether: ""It's loosely inspired (by the time @Harry_Styles lived with @benwinston), because if we put what actually happened on t‚Ä¶",88
188,0.0,Sun Aug 05 22:46:49 +0000 2018,0.0,0.0,@CBS,RT @happytogether: It's time for the #HappyTogether panel at the #CBS #TCA18! Follow along here!,89
189,0.4926,Sun Aug 05 22:32:37 +0000 2018,0.0,0.175,@CBS,RT @GodFriendedMe: Thanks for following along during the #GodFriendedMe panel at #CBS #TCA18‚Äî@HappyTogether is up next!,90
190,0.2732,Sun Aug 05 22:32:30 +0000 2018,0.0,0.123,@CBS,"RT @GodFriendedMe: ""You don't have to believe in God to believe in good."" üôå@JOEtheMORTON¬†#GodFriendedMe #CBS",91
191,0.2716,Sun Aug 05 22:16:36 +0000 2018,0.0,0.095,@CBS,RT @GodFriendedMe: ‚ÄúIt‚Äôs incredibly important to us that we‚Äôre not a show that‚Äôs preachy or judgmental. Whether you believe or don‚Äôt believ‚Ä¶,92
192,-0.4973,Sun Aug 05 22:16:29 +0000 2018,0.133,0.0,@CBS,"RT @GodFriendedMe: ""Our feet are on the ground. Our characters are not angels, they‚Äôre not heavenly, they‚Äôre just real people. The 'opposin‚Ä¶",93
193,0.0,Sun Aug 05 22:16:19 +0000 2018,0.0,0.0,@CBS,RT @GodFriendedMe: Follow along with us as we live-tweet the #GodFriendedMe panel at #CBS #TCA18 with stars @hall_m_brandon @violettbeane @‚Ä¶,94
194,-0.4019,Sun Aug 05 22:05:44 +0000 2018,0.114,0.0,@CBS,"RT @cbsallaccess: From the writer of Scream, The Vampire Diaries and The Following, comes a modern day twist on classic fairy tales. 

#Tel‚Ä¶",95
195,-0.6908,Sun Aug 05 22:00:47 +0000 2018,0.207,0.0,@CBS,"RT @cbsallaccess: Small town. Big murder. Follow the Money. 

#OneDollar premieres August 30, exclusively on CBS All Access. https://t.co/T‚Ä¶",96
196,0.0,Sun Aug 05 21:48:41 +0000 2018,0.0,0.0,@CBS,RT @cbsallaccess: That's a wrap on the #TellMeAStory panel! @GodFriendedMe is up next! #TCA18 #CBSAllAccess,97
197,0.8555,Sun Aug 05 21:48:36 +0000 2018,0.0,0.286,@CBS,"RT @cbsallaccess: ""What I love about New York City - besides being the best city in the world - it's textural, it's real, it has everything‚Ä¶",98
198,0.5994,Sun Aug 05 21:48:29 +0000 2018,0.0,0.234,@CBS,RT @cbsallaccess: Who's ready to see @KimCattrall play @daniellemcam's (AKA Little Red Riding Hood) grandmother? #TellMeAStory #TCA18 #CBSA‚Ä¶,99
199,0.6124,Sun Aug 05 21:31:15 +0000 2018,0.0,0.208,@CBS,"RT @cbsallaccess: ""What I like about this show is that there's nothing else on TV like it right now."" -@kevwilliamson #TellMeAStory #TCA18‚Ä¶",100
200,0.5574,Thu Sep 27 19:14:38 +0000 2018,0.0,0.184,@CNN,"Supreme Court nominee Brett Kavanaugh is testifying before the Senate Judiciary Committee. Christine Blasey Ford, w‚Ä¶ https://t.co/mlpWtxeVyS",1
201,0.0,Thu Sep 27 19:07:59 +0000 2018,0.0,0.0,@CNN,"Watch CNN's continued coverage of today‚Äôs Kavanaugh-Ford hearing at¬†https://t.co/9eyGMgsaH6¬†on your desktop, smartp‚Ä¶ https://t.co/iJrFITZtEi",2
202,-0.8315,Thu Sep 27 19:01:47 +0000 2018,0.316,0.0,@CNN,"""It's not great. ... But we're stuck with it."" Sen. John Cornyn expressed some frustration with the format of the S‚Ä¶ https://t.co/0rgFARFX33",3
203,0.0,Thu Sep 27 18:50:26 +0000 2018,0.0,0.0,@CNN,"Republicans look on as Rachel Mitchell, a Republican prosecutor from Arizona, questions Christine Blasey Ford on th‚Ä¶ https://t.co/a7qbB3YHV0",4
204,0.0,Thu Sep 27 18:46:39 +0000 2018,0.0,0.0,@CNN,The White House says President Trump's meeting with Deputy Attorney General Rod Rosenstein has been postponed‚Ä¶ https://t.co/yZw5WRCNqz,5
205,0.0,Thu Sep 27 18:40:23 +0000 2018,0.0,0.0,@CNN,"RT @CNNPolitics: GOP Sen. Lindsey Graham: ‚ÄúAll I can say, is that we are 40 something days away from the elections and their goal, not Mrs.‚Ä¶",6
206,0.0,Thu Sep 27 18:39:43 +0000 2018,0.0,0.0,@CNN,How Fox News is covering Christine Blasey Ford's testimony https://t.co/d0UDCa2BOp https://t.co/aK0BYaDB1O,7
207,0.6681,Thu Sep 27 18:14:06 +0000 2018,0.047,0.22,@CNN,Sen. Kamala Harris to Christine Blasey Ford: ‚ÄúYou are not on trial‚Ä¶ I want to thank you for your courage and I want‚Ä¶ https://t.co/7kUKndhOTm,8
208,0.3182,Thu Sep 27 18:01:56 +0000 2018,0.147,0.247,@CNN,"Christine Blasey Ford says she is ""100 percent"" certain Supreme Court nominee Brett Kavanaugh assaulted her‚Ä¶ https://t.co/fBKNcrsWik",9
209,0.0,Thu Sep 27 17:48:18 +0000 2018,0.0,0.0,@CNN,"RT @CNNPolitics: GOP Sen. Lindsey Graham: ‚ÄúWhat happened to her, I don‚Äôt know. Why don‚Äôt you believe (Kavanaugh)? What is it about him you‚Ä¶",10
210,0.7003,Thu Sep 27 17:40:11 +0000 2018,0.0,0.367,@CNN,"Republican senator on Kavanaugh accuser: 'She's an attractive, good witness' https://t.co/lL2Uu5zKgy https://t.co/1ZV48btQnQ",11
211,0.0,Thu Sep 27 17:30:10 +0000 2018,0.0,0.0,@CNN,Takeaways from the Brett Kavanaugh-Christine Blasey Ford hearings | Analysis by @CillizzaCNN https://t.co/FbX4U4SuQO https://t.co/0L1yCqbAlF,12
212,0.0,Thu Sep 27 17:10:09 +0000 2018,0.0,0.0,@CNN,One Republican senator who went up to say something to Christine Blasey Ford as a break began was Nebraska Republic‚Ä¶ https://t.co/ZG2kiSxpZz,13
213,0.0,Thu Sep 27 17:05:06 +0000 2018,0.0,0.0,@CNN,"Watch CNN's continued coverage of today‚Äôs Kavanaugh-Ford hearing at¬†https://t.co/9eyGMgsaH6¬†on your desktop, smartp‚Ä¶ https://t.co/wUBclj08LN",14
214,0.3612,Thu Sep 27 17:00:04 +0000 2018,0.0,0.152,@CNN,Democratic Sen. Mazie Hirono's re-election campaign apologizes for sending a fundraising email regarding the assaul‚Ä¶ https://t.co/lIsbc0AzEe,15
215,0.0,Thu Sep 27 16:50:02 +0000 2018,0.0,0.0,@CNN,The White House says the previously announced meeting between President Trump and Deputy Attorney General Rod Rosen‚Ä¶ https://t.co/l9tHCvrwRX,16
216,0.0,Thu Sep 27 16:40:19 +0000 2018,0.0,0.0,@CNN,"Sen. Amy Klobuchar, a Democrat from Minnesota, asked Christine Ford about the things she remembers about the night‚Ä¶ https://t.co/xXqJK2vF86",17
217,0.0,Thu Sep 27 16:30:09 +0000 2018,0.0,0.0,@CNN,21 questions Brett Kavanaugh could face today under oath | Analysis by @zbyronwolf¬†and @GregJKrieg‚Ä¶ https://t.co/ZM5MexiMpv,18
218,-0.5106,Thu Sep 27 16:20:26 +0000 2018,0.202,0.0,@CNN,RT @CNNnewsroom: Sen. Sheldon Whitehouse tells Christine Blasey Ford a lack of FBI investigation into her accusation against Brett Kavanaug‚Ä¶,19
219,0.0,Thu Sep 27 16:20:10 +0000 2018,0.0,0.0,@CNN,"Tarana Burke, founder of the #MeToo movement, is in the room watching today's hearing. She's wearing a handmade sti‚Ä¶ https://t.co/XXzrpc8vHb",20
220,0.0,Thu Sep 27 16:13:24 +0000 2018,0.0,0.0,@CNN,"Across the world, people are watching the Kavanaugh-Ford hearing, and this includes passengers on airplanes. Here's‚Ä¶ https://t.co/AjYxaW9MLh",21
221,0.0,Thu Sep 27 16:00:10 +0000 2018,0.0,0.0,@CNN,Read Sen. Chuck Grassley's written opening statement for the Kavanaugh and Ford hearing https://t.co/w9fLUkmXpi,22
222,-0.34,Thu Sep 27 15:58:44 +0000 2018,0.217,0.13,@CNN,"RT @CNNPhotos: Christine Blasey Ford, who has accused Supreme Court nominee Brett Kavanaugh of sexual assault, is sworn in before testifyin‚Ä¶",23
223,0.0,Thu Sep 27 15:56:53 +0000 2018,0.0,0.0,@CNN,"RT @CNNnewsroom: Sen. Kirsten Gillibrand: ""I just don't know how any Republican could vote for Brett Kavanaugh after hearing her""

Follow l‚Ä¶",24
224,-0.2263,Thu Sep 27 15:51:04 +0000 2018,0.112,0.0,@CNN,Republican governor says Kavanaugh allegations are 'sickening' and calls on the Senate to postpone vote‚Ä¶ https://t.co/NKraQx9t8k,25
225,-0.5106,Thu Sep 27 15:43:59 +0000 2018,0.142,0.0,@CNN,Sen. Dick Durbin calls for Mark Judge ‚Äî the other individual who Christine Blasey Ford claims was in the room durin‚Ä¶ https://t.co/m4saQVkI5C,26
226,0.0,Thu Sep 27 15:36:00 +0000 2018,0.0,0.0,@CNN,Watch the second part of Christine Blasey Ford‚Äôs statement before the Senate Judiciary Committee‚Ä¶ https://t.co/3xU1E7lwY3,27
227,-0.6395,Thu Sep 27 15:35:02 +0000 2018,0.216,0.0,@CNN,Christine Blasey Ford in her opening statement: ‚ÄúI am here today not because I want to be. I am terrified. I am her‚Ä¶ https://t.co/PlIxAyZ40K,28
228,-0.6908,Thu Sep 27 15:32:46 +0000 2018,0.242,0.072,@CNN,"RT @CNN: Sen. Dick Durbin: ‚ÄúDr. Ford: With what degree of certainty do you believe Brett Kavanaugh assaulted you?‚Äù

Christine Blasey Ford:‚Ä¶",29
229,-0.6908,Thu Sep 27 15:30:24 +0000 2018,0.271,0.081,@CNN,"Sen. Dick Durbin: ‚ÄúDr. Ford: With what degree of certainty do you believe Brett Kavanaugh assaulted you?‚Äù

Christin‚Ä¶ https://t.co/QTKRw6iaK8",30
230,-0.5859,Thu Sep 27 15:27:11 +0000 2018,0.174,0.0,@CNN,"Christine Blasey Ford testifies on what she remembers most vividly from the alleged assault: ""Indelible in the hipp‚Ä¶ https://t.co/QAzAAdCeww",31
231,-0.1779,Thu Sep 27 15:18:59 +0000 2018,0.086,0.0,@CNN,"Christine Blasey Ford, her voice shaking, describes the night in the 1980s when she alleges Brett Kavanaugh sexuall‚Ä¶ https://t.co/9dR9mAJRfn",32
232,0.7169,Thu Sep 27 15:15:46 +0000 2018,0.0,0.206,@CNN,"RT @CNNPolitics: Feinstein: ""How are you so sure that it was (Kavanaugh)?‚Äù

Ford: ""The same way that I'm sure that I'm talking to you right‚Ä¶",33
233,0.2263,Thu Sep 27 15:10:53 +0000 2018,0.0,0.106,@CNN,A source close to Christine Blasey Ford says she wrote her prepared remarks herself. Read them here: https://t.co/WOjntkmHjE,34
234,0.0,Thu Sep 27 14:50:18 +0000 2018,0.0,0.0,@CNN,Senate Judiciary Committee Chairman Chuck Grassley on the FBI reports conducted while vetting Brett Kavanaugh: ‚ÄúNow‚Ä¶ https://t.co/FEH942aNna,35
235,0.0,Thu Sep 27 14:40:27 +0000 2018,0.0,0.0,@CNN,Sen. Dianne Feinstein: ‚ÄúThis is not a trial of Dr. Ford. It‚Äôs a job interview for Judge Kavanaugh... Is he the best‚Ä¶ https://t.co/mEvp73xYEH,36
236,0.4019,Thu Sep 27 14:32:01 +0000 2018,0.081,0.153,@CNN,Here are a few of the protests and rallies happening around the country during today's hearing with Supreme Court n‚Ä¶ https://t.co/DyxQjNYVV8,37
237,-0.0772,Thu Sep 27 14:26:08 +0000 2018,0.138,0.123,@CNN,Senate Judiciary Chairman Chuck Grassley apologizes to Brett Kavanaugh and Christine Blasey Ford for threats they‚Äôv‚Ä¶ https://t.co/RLMNILhUir,38
238,0.0,Thu Sep 27 14:20:10 +0000 2018,0.0,0.0,@CNN,"When he does arrive on Capitol Hill, Judge Brett Kavanaugh is planning to watch at least the first portion of Chris‚Ä¶ https://t.co/aa70nIfmtZ",39
239,0.0516,Thu Sep 27 14:11:03 +0000 2018,0.093,0.102,@CNN,Senate Democrats are not expected to consolidate their time at today's hearing -‚Äì meaning no one is giving up their‚Ä¶ https://t.co/l2pzPb1M4f,40
240,-0.34,Thu Sep 27 14:06:26 +0000 2018,0.234,0.141,@CNN,"Supreme Court nominee Brett Kavanaugh and Christine Blasey Ford, who has accused him of sexual assault, are testify‚Ä¶ https://t.co/XlZguy4H8T",41
241,0.4019,Thu Sep 27 14:04:37 +0000 2018,0.0,0.119,@CNN,"Pres. Trump and VP Pence phoned Kavanaugh to voice support for him ahead of today's hearing

Trump's message for Ka‚Ä¶ https://t.co/3zmwUz1yWe",42
242,0.2263,Thu Sep 27 14:01:34 +0000 2018,0.0,0.275,@CNN,Read Brett Kavanaugh's prepared remarks: https://t.co/nx3jHCLrXw,43
243,0.0,Thu Sep 27 14:00:08 +0000 2018,0.0,0.0,@CNN,"Here's what Christine Blasey Ford will say in her opening statement: https://t.co/VunSNA1VcJ

Read the full stateme‚Ä¶ https://t.co/ZVoPKSxp1V",44
244,0.0,Thu Sep 27 13:55:03 +0000 2018,0.0,0.0,@CNN,21 questions Brett Kavanaugh could face today under oath | Analysis by @zbyronwolf¬†and @GregJKrieg‚Ä¶ https://t.co/oPH5R0FJnZ,45
245,0.0,Thu Sep 27 13:50:08 +0000 2018,0.0,0.0,@CNN,"Watch CNN's full coverage of today‚Äôs Kavanaugh-Ford hearing at¬†https://t.co/9eyGMgsaH6¬†on your desktop, smartphone,‚Ä¶ https://t.co/2CPS09PRLB",46
246,-0.5994,Thu Sep 27 13:45:00 +0000 2018,0.151,0.0,@CNN,This Texan might be America‚Äôs first Filipina in Congress. Gina Ortiz Jones is an LGBTQ Iraq war vet who wants to pr‚Ä¶ https://t.co/dkt9oPRtKY,47
247,0.1531,Thu Sep 27 13:39:31 +0000 2018,0.0,0.096,@CNN,@taiyo_masuda @GoPro Watch a seal slap a kayaker in the face -- with an octopus: https://t.co/bwsSC3h3Ff (Corrects‚Ä¶ https://t.co/Hkhj7fowAz,48
248,0.0,Thu Sep 27 13:30:00 +0000 2018,0.0,0.0,@CNN,Amazon's Alexa-enabled microwave can respond to your commands and figure out how long to cook your dinner‚Ä¶ https://t.co/zn1Ee0YgVQ,49
249,-0.3182,Thu Sep 27 13:23:18 +0000 2018,0.103,0.0,@CNN,RT @AC360: CNN‚Äôs Randi Kaye speaks with independent voters on Judge Kavanaugh and the accusations against him ahead of Thursday‚Äôs testimony‚Ä¶,50
250,0.0,Thu Sep 27 13:20:09 +0000 2018,0.0,0.0,@CNN,"Kavanaugh, Ford set to testify in Senate Judiciary Committee hearing https://t.co/89CaGexjfn https://t.co/sCR2nBmVQT",51
251,-0.6486,Thu Sep 27 13:12:23 +0000 2018,0.301,0.0,@CNN,9-year-old girl among nearly 200 dead in Nigeria floods https://t.co/V4qyxOZjQ9 https://t.co/6Bv1QJWgbH,52
252,0.0,Thu Sep 27 13:00:48 +0000 2018,0.0,0.0,@CNN,RT @mj_lee: Will be inside the room for Christine Blasey Ford and Brett Kavanaugh hearing today. Here‚Äôs Ford‚Äôs view this morning: https://t‚Ä¶,53
253,0.0,Thu Sep 27 13:00:12 +0000 2018,0.0,0.0,@CNN,"Watch CNN's full coverage of today‚Äôs Kavanaugh-Ford hearing at¬†https://t.co/9eyGMgsaH6¬†on your desktop, smartphone,‚Ä¶ https://t.co/lfK4QGebUz",54
254,0.4588,Thu Sep 27 12:50:04 +0000 2018,0.0,0.13,@CNN,This custodian has been spreading kindness at Bristol University for more than 11 years so students at the school l‚Ä¶ https://t.co/7gHyLzo99e,55
255,-0.6597,Thu Sep 27 12:40:11 +0000 2018,0.18,0.0,@CNN,This 2-year-old boy has a rare form of terminal brain cancer. Doctors believe he won't live until Christmas -- so h‚Ä¶ https://t.co/ppVTiogLPt,56
256,0.7096,Thu Sep 27 12:30:07 +0000 2018,0.0,0.247,@CNN,A day that will resonate in history: As the Supreme Court nominee and his original accuser appear before a Senate p‚Ä¶ https://t.co/k3rsc0NLrY,57
257,0.0,Thu Sep 27 12:25:05 +0000 2018,0.0,0.0,@CNN,21 questions Brett Kavanaugh could face today under oath | Analysis by @zbyronwolf¬†and @GregJKrieg‚Ä¶ https://t.co/M4i0E3NVyC,58
258,0.0,Thu Sep 27 12:20:05 +0000 2018,0.0,0.0,@CNN,"When Christine Blasey Ford sits down Thursday morning to testify, she will bring with her the memory of the 1991 he‚Ä¶ https://t.co/UoiAgBpLGL",59
259,0.0,Thu Sep 27 12:15:04 +0000 2018,0.0,0.0,@CNN,6 things to watch in today's hearing with Brett Kavanaugh and Christine Blasey Ford https://t.co/t8ztbyVo3J https://t.co/fxo0HyOi4a,60
260,0.4215,Thu Sep 27 12:13:14 +0000 2018,0.0,0.257,@CNN,"Read Christine Blasey Ford's prepared testimony: https://t.co/eYhLgQkgjH

Read Brett Kavanaugh's prepared remarks: https://t.co/nU8u9OBhSJ",61
261,-0.1779,Thu Sep 27 12:10:00 +0000 2018,0.078,0.0,@CNN,A long-lost warship has been discovered off the coast of China after an extensive hunt to track down relics from fr‚Ä¶ https://t.co/BdvrPQ60Cl,62
262,-0.3182,Thu Sep 27 12:05:37 +0000 2018,0.119,0.0,@CNN,"Julie Swetnick, who went public on Wednesday with her accusations against Brett Kavanaugh, was represented in a sex‚Ä¶ https://t.co/9yoj1kAUWN",63
263,-0.4019,Thu Sep 27 12:00:07 +0000 2018,0.172,0.0,@CNN,The case Kavanaugh has to make and his slim margin of error https://t.co/fjUCY9DJGx https://t.co/kQgRE2WMNJ,64
264,0.5574,Thu Sep 27 11:50:07 +0000 2018,0.0,0.175,@CNN,The prosecutor selected to serve as outside counsel for the Republican-led Senate Judiciary Committee at Supreme Co‚Ä¶ https://t.co/zW7fYd5DxG,65
265,0.6808,Thu Sep 27 11:30:01 +0000 2018,0.0,0.237,@CNN,"The Federal Reserve raised interest rates for the third time this year, upping the rate that helps determine costs‚Ä¶ https://t.co/ajOW0pqd0N",66
266,0.3818,Thu Sep 27 11:20:00 +0000 2018,0.0,0.115,@CNN,New Zealand Prime Minister Jacinda Ardern has told CNN she hoped the decision to bring her 3-month-old baby to the‚Ä¶ https://t.co/SP4fkbJhyA,67
267,-0.34,Thu Sep 27 11:16:30 +0000 2018,0.194,0.0,@CNN,"'Distracted boyfriend' meme is sexist, says Swedish ad watchdog https://t.co/lzC3C51Zdh https://t.co/AAVdI2KP7X",68
268,0.0232,Thu Sep 27 11:10:00 +0000 2018,0.087,0.09,@CNN,She could be America‚Äôs first black female governor. Stacey Abrams admits she is not like what has come before her i‚Ä¶ https://t.co/7BONRdNlQu,69
269,0.0,Thu Sep 27 11:00:12 +0000 2018,0.0,0.0,@CNN,"5 things for Thursday:

- Brett Kavanaugh
- China
- North Korea
- Google
- Methamphetamines

https://t.co/K6MlcDt1ZU https://t.co/vg1VycEbWJ",70
270,0.25,Thu Sep 27 10:57:00 +0000 2018,0.0,0.1,@CNN,From political refugee to CEO ‚Äî @PeterGeorgescu lived the American Dream and is now calling on corporate America to‚Ä¶ https://t.co/Ga7WaWm1nM,71
271,-0.2023,Thu Sep 27 10:47:00 +0000 2018,0.087,0.0,@CNN,Watch a rare gulper eel change its shape right before your eyes -- a unique method it uses to intimidate predators‚Ä¶ https://t.co/FVjXTTg679,72
272,-0.6597,Thu Sep 27 10:41:29 +0000 2018,0.196,0.0,@CNN,"Two weeks after Hurricane Florence slammed the Carolina coast, killing dozens and flooding rivers and homes, it has‚Ä¶ https://t.co/JNLKapJgfp",73
273,0.7096,Thu Sep 27 10:30:13 +0000 2018,0.0,0.247,@CNN,A day that will resonate in history: As the Supreme Court nominee and his original accuser appear before a Senate p‚Ä¶ https://t.co/x6mY4Eq2ZA,74
274,0.0,Thu Sep 27 10:20:08 +0000 2018,0.0,0.0,@CNN,21 questions Brett Kavanaugh could face today under oath | Analysis by @zbyronwolf¬†and @GregJKrieg‚Ä¶ https://t.co/R12cWG05q0,75
275,0.0,Thu Sep 27 10:11:48 +0000 2018,0.0,0.0,@CNN,6 things to watch in today's hearing with Brett Kavanaugh and Christine Blasey Ford https://t.co/p1LvmZX4Im https://t.co/x5Lhnz3ZtG,76
276,0.1531,Thu Sep 27 10:10:23 +0000 2018,0.0,0.091,@CNN,"Watch a seal slap a kayaker in the face -- with an octopus: https://t.co/bwsSC3yEwN

(Video via @taiyo_masuda &amp;‚Ä¶ https://t.co/cKJKOnUq3r",77
277,0.0,Thu Sep 27 09:54:20 +0000 2018,0.0,0.0,@CNN,Facebook is launching another virtual reality headset that doesn't need a PC to work -- the Oculus Quest VR headset‚Ä¶ https://t.co/nAgcJvx5CZ,78
278,0.0,Thu Sep 27 09:35:16 +0000 2018,0.0,0.0,@CNN,"Today could be one of those Washington days that defines a political era, @stcollinson writes https://t.co/aol6n8aKER",79
279,-0.6486,Thu Sep 27 09:09:04 +0000 2018,0.218,0.0,@CNN,"A man has been arrested at Dublin Airport for trying to chase a plane after he missed his flight, according to Iris‚Ä¶ https://t.co/4E0gW1hfeH",80
280,0.891,Thu Sep 27 08:55:07 +0000 2018,0.0,0.371,@CNN,"""One of the best in the world."" Eden Hazard scores a stunning late winner as Chelsea beat Liverpool in the Carabao‚Ä¶ https://t.co/ay5wUuOTuW",81
281,-0.7717,Thu Sep 27 08:37:58 +0000 2018,0.309,0.0,@CNN,"A dog lost part of her skull to cancer, so researchers 3D-printed a plate to replace it https://t.co/1Ni80BLSgg https://t.co/GIeRi8dgPM",82
282,0.0,Thu Sep 27 08:01:02 +0000 2018,0.0,0.0,@CNN,"Researchers used a gene editing tool to wipe out a population of malaria-carrying mosquitoes in a lab, raising the‚Ä¶ https://t.co/iIc5KjNeaA",83
283,0.0,Thu Sep 27 07:33:37 +0000 2018,0.0,0.0,@CNN,Bill Cosby has left behind a luxurious world for his new life behind bars. Here are some of the meals he'll be havi‚Ä¶ https://t.co/BFZnnQCVO3,84
284,0.1531,Thu Sep 27 07:31:58 +0000 2018,0.0,0.091,@CNN,"Watch a seal slap a kayaker in the face -- with an octopus: https://t.co/o5zJ8GzwTI 

(Video via @taiyo_masuda &amp;‚Ä¶ https://t.co/9j7olAZSU7",85
285,0.0,Thu Sep 27 07:31:02 +0000 2018,0.0,0.0,@CNN,"President Trump was ""ranting and venting on trade"" to French President Emmanuel Macron during their bilateral meeti‚Ä¶ https://t.co/4gjMi19hOc",86
286,0.1779,Thu Sep 27 07:01:04 +0000 2018,0.245,0.234,@CNN,"A Mediterranean diet -- rich in vegetables, fruits, nuts and fish -- could help lower a person's risk of depression‚Ä¶ https://t.co/nBT0TWlgjU",87
287,-0.2023,Thu Sep 27 06:46:00 +0000 2018,0.087,0.0,@CNN,Watch a rare gulper eel change its shape right before your eyes -- a unique method it uses to intimidate predators‚Ä¶ https://t.co/MjI0R7fjMl,88
288,-0.7351,Thu Sep 27 06:31:06 +0000 2018,0.256,0.0,@CNN,"An estimated 80,000 Americans died of flu and its complications last winter, the CDC says, making it the deadliest‚Ä¶ https://t.co/cfdo9XX8aq",89
289,0.0,Thu Sep 27 06:16:00 +0000 2018,0.0,0.0,@CNN,The company that owns Arby‚Äôs and Buffalo Wild Wings is buying drive-in burger joint Sonic for $2.3 billion‚Ä¶ https://t.co/LlZBTQWJcj,90
290,-0.7717,Thu Sep 27 06:01:06 +0000 2018,0.309,0.0,@CNN,"A dog lost part of her skull to cancer, so researchers 3D-printed a plate to replace it https://t.co/jb9QLQ8zwB https://t.co/HvbbTvKX3S",91
291,0.4767,Thu Sep 27 05:59:03 +0000 2018,0.0,0.14,@CNN,The House Intelligence Committee will vote Friday to release the transcripts of more than 50 interviews the panel c‚Ä¶ https://t.co/QZiKP9G2RD,92
292,0.0,Thu Sep 27 05:51:32 +0000 2018,0.0,0.0,@CNN,An Inspector General's investigative report says FEMA chief Brock Long kept using government vehicles to travel aft‚Ä¶ https://t.co/XjYqepCnlD,93
293,0.0,Thu Sep 27 05:46:00 +0000 2018,0.0,0.0,@CNN,"A garage in California is outfitting vintage cars with state-of-the-art tech, swapping old electronics with Tesla b‚Ä¶ https://t.co/MWdAk6IOqy",94
294,0.0,Thu Sep 27 05:35:52 +0000 2018,0.0,0.0,@CNN,"Today could be one of those Washington days that defines a political era, @stcollinson writes https://t.co/uM66TFuOQF",95
295,0.0,Thu Sep 27 05:31:07 +0000 2018,0.0,0.0,@CNN,"Limiting kids' recreational screen time to less than 2 hours a day, along with sufficient sleep and physical activi‚Ä¶ https://t.co/uZx3JlgxlZ",96
296,0.0,Thu Sep 27 05:16:00 +0000 2018,0.0,0.0,@CNN,"The oldest known animal in the geological record has been identified, in a discovery that scientists are calling ""t‚Ä¶ https://t.co/cpDRmdDpWw",97
297,0.0,Thu Sep 27 05:01:02 +0000 2018,0.0,0.0,@CNN,"""Rambling and often incoherent, President Trump made his UN press conference mainly about himself,"" and not about d‚Ä¶ https://t.co/PXXdJSQqA7",98
298,0.4111,Thu Sep 27 04:46:00 +0000 2018,0.0,0.139,@CNN,"They are the most glorious vessels on the seven seas, but how is a luxury superyacht made? https://t.co/VSMIUyOo3Q https://t.co/YZFhksy9vB",99
299,0.1531,Thu Sep 27 04:39:12 +0000 2018,0.0,0.091,@CNN,"Watch a seal slap a kayaker in the face -- with an octopus: https://t.co/o5zJ8GzwTI

(Video via @taiyo_masuda &amp;‚Ä¶ https://t.co/VUZJGOlEtJ",100
300,-0.25,Thu Sep 27 19:25:54 +0000 2018,0.083,0.0,@FoxNews,"Judge Brett Kavanaugh: ""You may defeat me in the final vote, but you'll never get me to quit. Never. I'm here today‚Ä¶ https://t.co/2Qn5pbI62p",1
301,0.0,Thu Sep 27 19:23:35 +0000 2018,0.0,0.0,@FoxNews,"Judge Brett Kavanaugh: ""This whole two week effort has been a calculated and orchestrated political hit.""‚Ä¶ https://t.co/aIJRcimUXw",2
302,-0.4939,Thu Sep 27 19:21:40 +0000 2018,0.158,0.0,@FoxNews,"'A national disgrace'

Kavanaugh, at hearing, says his name has been permanently 'destroyed' by false sex-assault a‚Ä¶ https://t.co/bxnWDTgKG0",3
303,-0.3089,Thu Sep 27 19:19:25 +0000 2018,0.106,0.0,@FoxNews,"Judge Brett Kavanaugh: ""I was not at the party described by Dr. Ford. This confirmation process has become a nation‚Ä¶ https://t.co/xbsMet5ANf",4
304,-0.4404,Thu Sep 27 19:16:15 +0000 2018,0.162,0.0,@FoxNews,"Judge Brett Kavanaugh: ""I denied the allegation immediately, categorically and unequivocally. All four people alleg‚Ä¶ https://t.co/f2RnTHY4wx",5
305,0.0,Thu Sep 27 19:13:15 +0000 2018,0.0,0.0,@FoxNews,Judge Brett Kavanaugh is sworn in for his testimony before the Senate Judiciary Committee. https://t.co/JpnY5VDKmf https://t.co/2HHXi42ZhX,6
306,0.0,Thu Sep 27 19:08:59 +0000 2018,0.0,0.0,@FoxNews,NOW: Judge Kavanaugh testifies before the Senate Judiciary Committee. https://t.co/JpnY5VDKmf https://t.co/M6VBUpjBkY,7
307,0.0,Thu Sep 27 19:08:56 +0000 2018,0.0,0.0,@FoxNews,"Judge Brett Kavanaugh testifies in front of the Senate Judiciary Committee on sexual misconduct allegations.

Watch‚Ä¶ https://t.co/Ofdso3cXbg",8
308,0.0,Thu Sep 27 19:01:01 +0000 2018,0.0,0.0,@FoxNews,Ford says breaking point to go public came after reporter appeared in her classroom https://t.co/ZQnvyfi7hj,9
309,0.128,Thu Sep 27 18:48:47 +0000 2018,0.0,0.091,@FoxNews,"During Kavanaugh hearing, prosecutor addresses Ford feeling of being 'terrified' to testify: 'That's not right' https://t.co/9MPNcDqsP9",10
310,0.0,Thu Sep 27 18:43:10 +0000 2018,0.0,0.0,@FoxNews,"Some GOP governors, including Governor @JohnKasich, have called for the Kavanaugh confirmation vote to be delayed.‚Ä¶ https://t.co/3UUNwzVEd9",11
311,0.34,Thu Sep 27 18:30:32 +0000 2018,0.063,0.126,@FoxNews,"Sen. @LindseyGrahamSC on Dr. Ford: ""A nice lady who has come forward to tell a hard story that's uncorroborated, an‚Ä¶ https://t.co/IBnTaKufJH",12
312,-0.296,Thu Sep 27 18:25:04 +0000 2018,0.128,0.0,@FoxNews,"Sen. @JohnCornyn on Dr. Ford: ""I found no reason to find her not credible."" https://t.co/005BvMqW3Y https://t.co/lFkAlQA0DU",13
313,0.3612,Thu Sep 27 18:21:35 +0000 2018,0.0,0.116,@FoxNews,"Sen. @ChuckGrassley to Dr. Ford on the conclusion of her testimony to the Senate Judiciary Committee: ""I thank you‚Ä¶ https://t.co/OBFWMMtBGY",14
314,0.743,Thu Sep 27 18:12:11 +0000 2018,0.0,0.328,@FoxNews,"Sen. @KamalaHarris to Dr. Ford: ""I want to thank you for your courage and I want to tell you I believe you."" https://t.co/C5inSoi6wC",15
315,-0.296,Thu Sep 27 18:02:49 +0000 2018,0.128,0.0,@FoxNews,"JUST IN: Body believed to be missing North Carolina boy with autism found, FBI says https://t.co/eUx3YmDnfF",16
316,0.0,Thu Sep 27 17:56:23 +0000 2018,0.0,0.0,@FoxNews,"Trump not calling for FBI probe into Kavanaugh allegations is 'tantamount to a cover-up,' Dem senator says https://t.co/IaLmx6Vtbw",17
317,0.3612,Thu Sep 27 17:42:08 +0000 2018,0.0,0.102,@FoxNews,"Dr. Ford: ‚ÄúI was trying to get the information to you while there was still a list of other, what looked like, equa‚Ä¶ https://t.co/kfTvnPuQfQ",18
318,0.0,Thu Sep 27 17:37:41 +0000 2018,0.0,0.0,@FoxNews,Judge Brett Kavanaugh and Dr. Christine Blasey Ford testify in front of the Senate Judiciary Committee on sexual mi‚Ä¶ https://t.co/VzPulo5hYk,19
319,-0.6908,Thu Sep 27 17:32:14 +0000 2018,0.289,0.0,@FoxNews,"Kavanaugh confirmation vote should be delayed due to 'sickening' assault allegations, some GOP governors say https://t.co/BGL3lo09Ys",20
320,-0.2732,Thu Sep 27 17:28:28 +0000 2018,0.208,0.0,@FoxNews,Trump postpones meeting with Rosenstein to next week https://t.co/zwIYZqfhWh,21
321,0.0,Thu Sep 27 16:53:22 +0000 2018,0.0,0.0,@FoxNews,"Christine Blasey Ford, in Senate testimony, says she doesn‚Äôt know who paid for her polygraph test regarding sexual‚Ä¶ https://t.co/xT2lxsFpzT",22
322,-0.128,Thu Sep 27 16:50:17 +0000 2018,0.131,0.112,@FoxNews,".@SenBlumenthal: ‚ÄúIt‚Äôs up to the President of the United States and his failure to ask for an FBI investigation, in‚Ä¶ https://t.co/ryO1LX74vS",23
323,0.0,Thu Sep 27 16:41:10 +0000 2018,0.0,0.0,@FoxNews,"Rachel Mitchell: ‚ÄúDid you ever give Senator Feinstein or anyone else the permission to release that letter?‚Äù

Dr. F‚Ä¶ https://t.co/8bCtdZ9b1h",24
324,-0.3182,Thu Sep 27 16:25:00 +0000 2018,0.252,0.156,@FoxNews,Ford says she's '100 percent' certain Kavanaugh assaulted her https://t.co/rFal1g9ziJ,25
325,-0.6249,Thu Sep 27 16:18:33 +0000 2018,0.255,0.0,@FoxNews,Chris Wallace on Christine Blasey Ford Testimony: 'This Is a Disaster for Republicans' https://t.co/oFGt7hdClV,26
326,-0.7906,Thu Sep 27 16:13:10 +0000 2018,0.304,0.0,@FoxNews,"Juanita Broaddrick, the woman who accused former President Bill Clinton of raping her decades ago, slammed Democrat‚Ä¶ https://t.co/vrPFN7oycb",27
327,-0.1779,Thu Sep 27 16:07:17 +0000 2018,0.096,0.0,@FoxNews,Former sex crimes prosecutor Rachel Mitchell questions Christine Blasey Ford about her anxiety and PTSD problems‚Ä¶ https://t.co/ejSDvPxaUv,28
328,-0.8442,Thu Sep 27 16:05:24 +0000 2018,0.476,0.0,@FoxNews,"Christine Ford testifies Kavanaugh ‚Äòsexually assaulted me,‚Äô rejects mistaken identity theory https://t.co/yylwVIUd6E https://t.co/ixvjyrYqW7",29
329,-0.8442,Thu Sep 27 15:57:45 +0000 2018,0.503,0.0,@FoxNews,"Christine Ford testifies Kavanaugh ‚Äòsexually assaulted me,‚Äô rejects mistaken identity theory https://t.co/ecmtBhcUi0",30
330,-0.3612,Thu Sep 27 15:55:41 +0000 2018,0.269,0.159,@FoxNews,"Kavanaugh, Ford hearing live blog: Supreme Court nominee and professor testify on sexual assault accusations https://t.co/YlU3UYXWF6",31
331,0.0,Thu Sep 27 15:48:19 +0000 2018,0.0,0.0,@FoxNews,Judge Brett Kavanaugh and Dr. Christine Blasey Ford testify in front of the Senate Judiciary Committee on sexual mi‚Ä¶ https://t.co/MSTXxHjh3M,32
332,-0.34,Thu Sep 27 15:48:00 +0000 2018,0.159,0.093,@FoxNews,".@SenatorDurbin: ‚ÄúDr. Ford, with what degree of certainty do you believe Brett Kavanaugh assaulted you?‚Äù

Dr. Ford:‚Ä¶ https://t.co/tbpC2Y3tDS",33
333,-0.9246,Thu Sep 27 15:41:27 +0000 2018,0.528,0.0,@FoxNews,".@SenatorDurbin: ‚ÄúNo one should face harassment, death threats and disparaging comments by cheap shot politicians,‚Ä¶ https://t.co/yHkwaihlO7",34
334,0.7506,Thu Sep 27 15:26:59 +0000 2018,0.0,0.262,@FoxNews,".@SenatorLeahy: ‚ÄúYou sharing your story is going to have a lasting, positive impact on so many survivors in our cou‚Ä¶ https://t.co/mzX5cH7LdS",35
335,-0.5106,Thu Sep 27 15:25:22 +0000 2018,0.155,0.0,@FoxNews,".@SenatorLeahy: ‚ÄúChairman, you and I were both here 27 years ago. At that time the Senate failed Anita Hill.‚Äù‚Ä¶ https://t.co/SUgdzgm7K1",36
336,0.872,Thu Sep 27 15:20:27 +0000 2018,0.0,0.398,@FoxNews,"Supporters of Supreme Court Justice nominee Brett Kavanaugh gathered and sang in Washington DC, ahead of testimonie‚Ä¶ https://t.co/H0Ab0oFkiR",37
337,-0.34,Thu Sep 27 15:16:59 +0000 2018,0.156,0.0,@FoxNews,Grassley quotes Anita Hill-era Biden to shoot down call for new FBI probe https://t.co/Xfe6SV59DD,38
338,0.5574,Thu Sep 27 15:09:51 +0000 2018,0.0,0.167,@FoxNews,"Ford: ‚ÄúIt is not my responsibility to determine whether Mr. Kavanaugh sits on the Supreme Court, my responsibility‚Ä¶ https://t.co/KVkO5SP86L",39
339,-0.296,Thu Sep 27 15:09:00 +0000 2018,0.091,0.0,@FoxNews,Dr. Ford ‚ÄúI have been accused of acting out of partisan political motives. Those who say that do not know me. I am‚Ä¶ https://t.co/mnbq0yQUkQ,40
340,0.5859,Thu Sep 27 15:06:19 +0000 2018,0.0,0.22,@FoxNews,Ford: ‚ÄúMy hope was that providing the information confidentially would be sufficient to allow the Senate to conside‚Ä¶ https://t.co/SD97p0pdr8,41
341,-0.7845,Thu Sep 27 14:58:00 +0000 2018,0.266,0.0,@FoxNews,Ford: ‚ÄúBrett‚Äôs assault on me drastically altered my life. For a very long time I was too afraid and ashamed to tell‚Ä¶ https://t.co/yUdjh6lsYg,42
342,0.1901,Thu Sep 27 14:55:38 +0000 2018,0.0,0.074,@FoxNews,"Ford: ‚ÄúI don‚Äôt have all the answers, and I don‚Äôt remember as much as I would like to. But the details about that ni‚Ä¶ https://t.co/Jtncxj6T0j",43
343,-0.6395,Thu Sep 27 14:45:55 +0000 2018,0.216,0.0,@FoxNews,Dr. Christine Blasey Ford: ‚ÄúI am here today not because I want to be. I am terrified. I am here because I believe i‚Ä¶ https://t.co/qXBr8DwbQW,44
344,0.0,Thu Sep 27 14:44:43 +0000 2018,0.0,0.0,@FoxNews,RT @brookefoxnews: NEW per @MikeEmanuelFox -- a source familiar said the @senjudiciary spent hours investigating the two individuals who cl‚Ä¶,45
345,0.4019,Thu Sep 27 14:37:59 +0000 2018,0.0,0.231,@FoxNews,Second Kavanaugh accuser offers message of support for Ford https://t.co/1kYfao4m1G,46
346,-0.296,Thu Sep 27 14:37:10 +0000 2018,0.121,0.0,@FoxNews,".@SenFeinstein: ‚ÄúDespite repeated requests, President Trump and the Republicans have refused to take this routine s‚Ä¶ https://t.co/NiYiC6Phi7",47
347,-0.5859,Thu Sep 27 14:35:00 +0000 2018,0.174,0.0,@FoxNews,".@SenFeinstein: ‚ÄúToo often women‚Äôs memories and credibility come under assault. In essence, they are put on trial a‚Ä¶ https://t.co/NgtwQ2GCOU",48
348,0.0,Thu Sep 27 14:26:47 +0000 2018,0.0,0.0,@FoxNews,.@SenFeinstein: ‚ÄúI did receive a letter from Dr. Ford‚Ä¶ I held it confidential up until a point where the witness wa‚Ä¶ https://t.co/PFbMCh476i,49
349,0.1779,Thu Sep 27 14:26:19 +0000 2018,0.109,0.144,@FoxNews,.@ChuckGrassley: ‚ÄúI can think of no one better equipped to question the witnesses than Rachel Mitchell.‚Äù‚Ä¶ https://t.co/iH8xmTJyPs,50
350,0.3182,Thu Sep 27 14:21:06 +0000 2018,0.0,0.113,@FoxNews,.@ChuckGrassley: ‚ÄúThe FBI doesn‚Äôt perform any credibility assessments or verify the truth of any events in these ba‚Ä¶ https://t.co/SBFUR8Wnp9,51
351,0.743,Thu Sep 27 14:19:49 +0000 2018,0.079,0.299,@FoxNews,Protesters gather outside the Supreme Court ahead of the Senate Judiciary Committee hearing from Supreme Court nomi‚Ä¶ https://t.co/i42Ps6LqMx,52
352,-0.4767,Thu Sep 27 14:08:40 +0000 2018,0.181,0.0,@FoxNews,.@ChuckGrassley: ‚ÄúBoth Dr. Ford and Judge Kavanaugh have been through a terrible couple of weeks.‚Äù https://t.co/7hFyO0b8Wd,53
353,0.0,Thu Sep 27 14:03:37 +0000 2018,0.0,0.0,@FoxNews,Judge Brett Kavanaugh and Dr. Christine Blasey Ford testify in front of the Senate Judiciary Committee on sexual mi‚Ä¶ https://t.co/Gpdt9syuTE,54
354,-0.34,Thu Sep 27 13:59:17 +0000 2018,0.179,0.0,@FoxNews,Kavanaugh confirmation derailed by sexual misconduct allegations: A list of his accusers https://t.co/3abb1BtSp6,55
355,-0.3612,Thu Sep 27 13:55:57 +0000 2018,0.31,0.183,@FoxNews,LIVE BLOG: Supreme Court nominee and professor testify on sexual assault accusations https://t.co/YlU3UYXWF6,56
356,0.0,Thu Sep 27 13:50:35 +0000 2018,0.0,0.0,@FoxNews,"Who is Rachel Mitchell, the prosecutor hired to question Kavanaugh's accuser during Senate hearing? https://t.co/Bj9hQABQTX",57
357,0.2263,Thu Sep 27 13:43:29 +0000 2018,0.0,0.322,@FoxNews,Brett Kavanaugh's prepared statement https://t.co/ADcHie4BKD,58
358,0.2263,Thu Sep 27 13:42:59 +0000 2018,0.0,0.275,@FoxNews,Christine Ford's full prepared remarks https://t.co/jn0ACyhESc,59
359,0.0,Thu Sep 27 13:36:34 +0000 2018,0.0,0.0,@FoxNews,Awaiting Kavanaugh Hearing https://t.co/abwpriQApD,60
360,0.0,Thu Sep 27 13:29:19 +0000 2018,0.0,0.0,@FoxNews,RT @FoxBusiness: America's GDP advances by 4.2% in 2Q https://t.co/Cw2zgXHVqR,61
361,0.0,Thu Sep 27 13:29:08 +0000 2018,0.0,0.0,@FoxNews,"RT @FoxBusiness: Weekly jobless claims rise to 214,000
https://t.co/cAwWUXdvQb",62
362,0.5719,Thu Sep 27 13:17:09 +0000 2018,0.0,0.217,@FoxNews,.@Jim_Jordan: ‚ÄúThe single biggest promise we made the American people in 2016 was building the border security wall‚Ä¶ https://t.co/UeVhyqaUKC,63
363,0.1531,Thu Sep 27 13:00:00 +0000 2018,0.142,0.187,@FoxNews,Texas AG supports school district in Pledge of Allegiance lawsuit https://t.co/H64BQVa9mj,64
364,0.4404,Thu Sep 27 12:57:27 +0000 2018,0.0,0.132,@FoxNews,.@Jim_Jordan: ‚ÄúI think the president‚Äôs right in not withdrawing his name. I hope he gets confirmed as soon as possi‚Ä¶ https://t.co/xyjY2HECht,65
365,0.3612,Thu Sep 27 12:53:00 +0000 2018,0.117,0.209,@FoxNews,Hundreds of Liberty Univ. Students Head to DC to Counter Anti-Kavanaugh Protesters https://t.co/NxGM95nVg9,66
366,0.0,Thu Sep 27 12:47:39 +0000 2018,0.0,0.0,@FoxNews,.@KellyannePolls: ‚ÄúThe president said yesterday he would prefer that the Deputy Attorney General stay on the job an‚Ä¶ https://t.co/GtCIxJhlpn,67
367,0.1531,Thu Sep 27 12:42:14 +0000 2018,0.161,0.14,@FoxNews,".@KellyannePolls: ‚ÄúThe president is tough. Judge Kavanaugh is tough, he wants to clear his name.‚Äù https://t.co/LZp7FRo0vp",68
368,0.0,Thu Sep 27 12:36:27 +0000 2018,0.0,0.0,@FoxNews,"Kid tying shoelace run over by car, walks away https://t.co/3KtfZDWKaW",69
369,-0.4215,Thu Sep 27 12:10:00 +0000 2018,0.203,0.0,@FoxNews,"If Kavanaugh nomination fails, here's who could be next in line - https://t.co/fTPeu2e5be",70
370,0.4019,Thu Sep 27 12:00:00 +0000 2018,0.0,0.144,@FoxNews,TODAY: @BretBaier and @marthamaccallum anchor special live coverage of the Brett Kavanaugh Senate hearing. Tune in‚Ä¶ https://t.co/ef17qAqFBG,71
371,0.0,Thu Sep 27 11:50:18 +0000 2018,0.0,0.0,@FoxNews,"WikiLeaks names new editor-in-chief, replacing Julian Assange https://t.co/SfuXmklnhF",72
372,-0.25,Thu Sep 27 11:37:53 +0000 2018,0.095,0.0,@FoxNews,.@MarshaBlackburn: ‚ÄúEvery woman deserves to be heard and women should be heard when they have an accusation and Dr.‚Ä¶ https://t.co/VaRqHkh7WN,73
373,-0.6369,Thu Sep 27 11:32:49 +0000 2018,0.244,0.0,@FoxNews,Democratic Rep. Ellison to ask House Ethics Committee to investigate abuse allegations https://t.co/pwP6pnI3og https://t.co/hHK0IkphwT,74
374,-0.7845,Thu Sep 27 11:19:44 +0000 2018,0.347,0.0,@FoxNews,"Navy veteran, 66, with terminal cancer holds yard sales to raise money for funeral https://t.co/RtQq9OkgXE",75
375,-0.5106,Thu Sep 27 11:06:12 +0000 2018,0.191,0.0,@FoxNews,"Bill Cosby will have access to TV and email while behind bars, prison says https://t.co/cDA43BMQvn",76
376,0.0,Thu Sep 27 10:59:57 +0000 2018,0.0,0.0,@FoxNews,"Tom Kane: ‚ÄúThese allegations are false, that‚Äôs not the man I knew.‚Äù https://t.co/QNlzviLIn7",77
377,0.4019,Thu Sep 27 10:33:09 +0000 2018,0.0,0.162,@FoxNews,"Maura Kane: ‚ÄúThe second I read her description of the parties, I knew it was false.‚Äù https://t.co/t3Sz883iAH",78
378,0.4019,Thu Sep 27 10:26:50 +0000 2018,0.0,0.31,@FoxNews,House Approves Bill Regulating Airline Seats https://t.co/rwTQJBggFB,79
379,0.4767,Thu Sep 27 10:20:58 +0000 2018,0.0,0.237,@FoxNews,Ginsburg cheers on #MeToo movement in advance of Kavanaugh-Ford hearing https://t.co/mCfvizyLQE,80
380,0.0,Thu Sep 27 10:11:18 +0000 2018,0.0,0.0,@FoxNews,.@CarleyShimkus is live with the ‚ÄòFox News Update‚Äô on Facebook Watch: https://t.co/hNrB8xzepH https://t.co/yTv1V0YWgS,81
381,0.0,Thu Sep 27 09:59:00 +0000 2018,0.0,0.0,@FoxNews,".@Apple Store robberies continue in Bay Area, with 9 stores hit this month https://t.co/fiPyPJXQfN",82
382,-0.5267,Thu Sep 27 09:53:00 +0000 2018,0.175,0.0,@FoxNews,"Brett Velicovich: ‚ÄúIt‚Äôs sickening to see this country out there exporting terrorism‚Ä¶The Iranians, really, they dese‚Ä¶ https://t.co/QQpKyWwZUf",83
383,-0.0772,Thu Sep 27 09:48:01 +0000 2018,0.183,0.166,@FoxNews,Mom claims United Airlines flight attendant scolded her for crying baby: report https://t.co/noVvATGIIF,84
384,-0.5859,Thu Sep 27 09:41:00 +0000 2018,0.297,0.0,@FoxNews,"Girls 'ruin everything,' school's athletic director says, prompting backlash https://t.co/qrGcVuqLQQ",85
385,0.0,Thu Sep 27 09:36:00 +0000 2018,0.0,0.0,@FoxNews,House intel panel to vote Friday on release of Russia probe transcripts https://t.co/saxYOjfsu5,86
386,0.5324,Thu Sep 27 09:29:00 +0000 2018,0.0,0.307,@FoxNews,President @realDonaldTrump says he'd 'certainly prefer not' to fire Rosenstein @FoxFriendsFirst‚Ä¶ https://t.co/xuNEvjniI8,87
387,-0.2023,Thu Sep 27 09:26:48 +0000 2018,0.167,0.0,@FoxNews,MS-13 member charged in Texas man‚Äôs slaying @FoxFriendsFirst https://t.co/aeuES9JT5a https://t.co/wHY6BopgJ8,88
388,0.0,Thu Sep 27 09:21:00 +0000 2018,0.0,0.0,@FoxNews,".@LibbySchaaf, Oakland's anti-Trump, anti-ICE mayor, facing election rivals who focus on local issues https://t.co/0uFxwLbF1D",89
389,-0.3612,Thu Sep 27 09:14:00 +0000 2018,0.128,0.0,@FoxNews,"Ahead of pivotal Senate hearing, witnesses surface to say Christine Ford may have mistaken them for Kavanaugh‚Ä¶ https://t.co/7AdGgwFruj",90
390,0.3818,Thu Sep 27 09:07:00 +0000 2018,0.111,0.21,@FoxNews,Son of former Louisiana chief justice charged with sex trafficking a 14-year-old girl https://t.co/pi6Erf5ZqS,91
391,-0.1725,Thu Sep 27 08:54:50 +0000 2018,0.114,0.0,@FoxNews,Uber to pay $148M settlement to 50 states for 2016 data breach https://t.co/aXvFpm2hOy https://t.co/rZttFSBfSU,92
392,-0.34,Thu Sep 27 08:48:38 +0000 2018,0.194,0.0,@FoxNews,Trump accuses China of trying to interfere in midterms https://t.co/T7cIMa4sJX https://t.co/ydla0OCx6I,93
393,0.0,Thu Sep 27 08:45:39 +0000 2018,0.0,0.0,@FoxNews,Storms headed toward areas ravaged by Florence https://t.co/sbHdWg960k,94
394,0.6486,Thu Sep 27 08:45:00 +0000 2018,0.0,0.238,@FoxNews,Oklahoma Army National Guard member Sgt. Brandy Dill hugs a family member after surprising them with an early homec‚Ä¶ https://t.co/syuKF0FwVh,95
395,0.0,Thu Sep 27 08:43:14 +0000 2018,0.0,0.0,@FoxNews,Carla Provost is breaking ground as the first female chief in the 94-year history of the U.S. Border Patrol.‚Ä¶ https://t.co/XH2fRsflm2,96
396,0.0,Thu Sep 27 08:36:00 +0000 2018,0.0,0.0,@FoxNews,Dem senator filing suit asking court to halt Kavanaugh confirmation https://t.co/adAnQHzaDp,97
397,0.2584,Thu Sep 27 08:33:16 +0000 2018,0.0,0.113,@FoxNews,"David Bruno: @POTUS not firing Rosenstein ""would be best...right now, politically for the Mueller investigation, be‚Ä¶ https://t.co/Z7uhjj5pem",98
398,0.0,Thu Sep 27 08:24:23 +0000 2018,0.0,0.0,@FoxNews,.@POTUS to meet with Deputy Attorney General Rod Rosenstein today https://t.co/ilmok5aLnQ https://t.co/iRJeYwneYH,99
399,-0.3818,Thu Sep 27 08:21:00 +0000 2018,0.224,0.129,@FoxNews,"Convicted molester's girlfriend admits letting him assault daughter, 10, resulting in pregnancy https://t.co/3cy9GYkUIB",100
400,0.25,Thu Sep 27 19:25:05 +0000 2018,0.0,0.087,@nytimes,"The EPA plans to dissolve its Office of the Science Advisor, a senior post that was created to counsel the EPA admi‚Ä¶ https://t.co/QOs1Y73bQ8",1
401,0.0,Thu Sep 27 19:25:03 +0000 2018,0.0,0.0,@nytimes,"At the #nytnewrules summit, 

Candidates @PearlKimPA of Pennsylvania and @RashidaTlaib of Michigan are discussing w‚Ä¶ https://t.co/3ZfhvDxkzu",2
402,-0.5956,Thu Sep 27 19:14:53 +0000 2018,0.205,0.0,@nytimes,"RT @npfandos: A very, very angry Kavanaugh in his opener: ""This confirmation process has become a national disgrace.""",3
403,-0.5859,Thu Sep 27 19:12:04 +0000 2018,0.192,0.0,@nytimes,Breaking News: Live video: Brett Kavanaugh is responding to sexual assault allegations described in dramatic testim‚Ä¶ https://t.co/m7a824A2Zu,4
404,0.0,Thu Sep 27 19:10:05 +0000 2018,0.0,0.0,@nytimes,"In Opinion

Op-Ed columnist @FrankBruni writes of Dr. Christine Blasey Ford's testimony, ""She came across as both p‚Ä¶ https://t.co/Vrc4M6KQyT",5
405,0.0,Thu Sep 27 18:55:06 +0000 2018,0.0,0.0,@nytimes,"For 12 days, Dr. Blasey was an idea rather than a person, sight unseen. But on Thursday, she became very real, tell‚Ä¶ https://t.co/EOmlYp7oNE",6
406,-0.6159,Thu Sep 27 18:40:04 +0000 2018,0.201,0.0,@nytimes,"After 45 years, more than 1,000 fights and some of the most lucrative and controversial matches of all time, HBO is‚Ä¶ https://t.co/fn8wGBdu4y",7
407,0.0305,Thu Sep 27 18:39:16 +0000 2018,0.07,0.076,@nytimes,RT @peterbakernyt: Mitchell finishes the Republican side‚Äôs questioning of Christine Blasey Ford without shaking her account or even meaning‚Ä¶,8
408,0.0,Thu Sep 27 18:31:17 +0000 2018,0.0,0.0,@nytimes,Dr. Christine Blasey Ford‚Äôs testimony has ended.The Senate Judiciary Committee will reconvene to hear Judge Brett K‚Ä¶ https://t.co/duR4AGG0vX,9
409,-0.6908,Thu Sep 27 18:29:22 +0000 2018,0.241,0.0,@nytimes,RT @peterbakernyt: Christine Blasey Ford's harrowing account of a sexual assault brought some women to tears and sent shudders through the‚Ä¶,10
410,0.2144,Thu Sep 27 18:15:03 +0000 2018,0.061,0.1,@nytimes,"Bill Cosby's sentencing is a #MeToo moment cheered by many women. But at the very same moment, another milestone of‚Ä¶ https://t.co/K8tdvKMan2",11
411,-0.2263,Thu Sep 27 18:10:58 +0000 2018,0.101,0.0,@nytimes,Update: Trump‚Äôs meeting with Rosenstein has been delayed until next week. ‚ÄúThe president spoke with Rod Rosenstein‚Ä¶ https://t.co/LEVXWLluNh,12
412,0.0,Thu Sep 27 18:08:05 +0000 2018,0.0,0.0,@nytimes,"Live at the #nytnewrules summit:

Journalists @emilybazelon @BretStephensNYT @mega2e @emilysteel @carolynryan are d‚Ä¶ https://t.co/zv6ZDvj7rO",13
413,-0.128,Thu Sep 27 18:00:43 +0000 2018,0.134,0.115,@nytimes,"Senator Lindsay Graham delivered a threat to Democrats: ‚ÄúIf this is the new norm, you better watch out for your nom‚Ä¶ https://t.co/9MfAby2QB3",14
414,-0.5574,Thu Sep 27 18:00:09 +0000 2018,0.175,0.0,@nytimes,‚ÄúMy only sin is the extrajudicial killings.‚Äù President Duterte said for the first time that extrajudicial killings‚Ä¶ https://t.co/6bW4YvshSm,15
415,0.7184,Thu Sep 27 17:58:51 +0000 2018,0.0,0.24,@nytimes,RT @mccanner: Senator Cory Booker just introduced a letter from the Mormon Women for Ethical Government in favor of investigating the Kavan‚Ä¶,16
416,-0.2023,Thu Sep 27 17:53:54 +0000 2018,0.096,0.0,@nytimes,"Julie Swetnick, the third woman to accuse Judge Kavanaugh of sexual misconduct restated, through her lawyer Michael‚Ä¶ https://t.co/Eqv2ZYz4qz",17
417,0.0,Thu Sep 27 17:46:28 +0000 2018,0.0,0.0,@nytimes,"During the lunch break, Senator Orrin Hatch said of Dr. Blasey to reporters, ‚ÄúI don‚Äôt think she‚Äôs uncredible. I thi‚Ä¶ https://t.co/TSI9FWDlKi",18
418,-0.3182,Thu Sep 27 17:45:03 +0000 2018,0.103,0.0,@nytimes,"RT @dagnysalas: Your one place for @nytimes links on Brett Kavanaugh, Christine Blasey Ford, the other accusations, the fallout, Anita Hill‚Ä¶",19
419,-0.4215,Thu Sep 27 17:45:03 +0000 2018,0.127,0.053,@nytimes,"On her show, Samantha Bee slammed Brett Kavanaugh‚Äôs defenders: ‚ÄúNo one‚Äôs life is ruined if they don‚Äôt get to be on‚Ä¶ https://t.co/fEBJ12iOjR",20
420,0.0,Thu Sep 27 17:42:12 +0000 2018,0.0,0.0,@nytimes,Senator Mazie Hirono of Hawaii has made national headlines in the last week with her blunt comments about the treat‚Ä¶ https://t.co/n1PAKJWAiW,21
421,-0.1027,Thu Sep 27 17:39:22 +0000 2018,0.091,0.0,@nytimes,The Senate Judiciary Committee has reconvened for further questioning of Dr. Christine Blasey Ford https://t.co/9OBVg7sD11,22
422,0.6597,Thu Sep 27 17:36:29 +0000 2018,0.0,0.221,@nytimes,Dr. Christine Blasey‚Äôs Ford's testimony inspired at least one woman to call into C-SPAN3 to share their own story o‚Ä¶ https://t.co/0yc6m930Pb,23
423,0.0,Thu Sep 27 17:30:08 +0000 2018,0.0,0.0,@nytimes,"On Friday, Google‚Äôs chief executive Sundar Pichai will meet with the Republican House majority leader and more than‚Ä¶ https://t.co/6e4LrPUlCd",24
424,-0.1779,Thu Sep 27 17:26:56 +0000 2018,0.086,0.0,@nytimes,"With Republicans deferring to Rachel Mitchell, Democrats used their time to make broad political points about the i‚Ä¶ https://t.co/Kxan2cYYHZ",25
425,0.1655,Thu Sep 27 17:15:05 +0000 2018,0.0,0.076,@nytimes,"‚ÄúHis Favorites,‚Äù a new novel by Kate Walbert, is primed to be a major work for the #MeToo movement. But rather than‚Ä¶ https://t.co/5Cf10qkmFd",26
426,-0.0772,Thu Sep 27 17:00:02 +0000 2018,0.1,0.086,@nytimes,"In 2017, top executives in Nike‚Äôs sports marketing group were about to cut Colin Kaepernick from Nike‚Äôs sponsorship‚Ä¶ https://t.co/5RCQlJ3jqT",27
427,0.0772,Thu Sep 27 16:51:05 +0000 2018,0.0,0.071,@nytimes,"Senator Chris Coons asked Dr. Christine Blasey Ford's reaction to the ""excuse that boys will be boys""‚Ä¶ https://t.co/bQeihPMmNL",28
428,0.0,Thu Sep 27 16:45:09 +0000 2018,0.0,0.0,@nytimes,How Americans across the U.S. are reacting to Dr. Christine Blasey Ford's testimony https://t.co/gFPzBazNQ0,29
429,0.0,Thu Sep 27 16:31:16 +0000 2018,0.0,0.0,@nytimes,"For a group of women watching the hearings in Maine ‚Äî the home state of Senator Susan Collins, whose vote will be p‚Ä¶ https://t.co/kjvoN8ZYQq",30
430,0.0,Thu Sep 27 16:30:06 +0000 2018,0.0,0.0,@nytimes,New York City is the latest place to offer gender-neutral birth certificates. But with federal agencies that admini‚Ä¶ https://t.co/jp8snJDBhz,31
431,-0.1531,Thu Sep 27 16:22:24 +0000 2018,0.124,0.101,@nytimes,"Dr. Christine Blasey Ford, who has made her fear of flying clear, said that taking a polygraph test was almost as a‚Ä¶ https://t.co/WoX4Wb4JgP",32
432,-0.6249,Thu Sep 27 16:15:04 +0000 2018,0.268,0.094,@nytimes,"In May, 5 former Redskins cheerleaders spoke anonymously to the Times about sexual harassment and intimidation on t‚Ä¶ https://t.co/stfPInVrCc",33
433,-0.6249,Thu Sep 27 16:00:57 +0000 2018,0.255,0.086,@nytimes,"Dr. Christine Blasey Ford said she was ‚Äú100%‚Äù certain Brett Kavanaugh was her attacker, rebutting a GOP argument ab‚Ä¶ https://t.co/ggly2iUmXP",34
434,0.0,Thu Sep 27 16:00:06 +0000 2018,0.0,0.0,@nytimes,"President Trump called a paid China Daily insert in an Iowa newspaper ""propaganda."" Chinese officials said the adve‚Ä¶ https://t.co/Ct75uLuCMm",35
435,-0.4767,Thu Sep 27 15:52:40 +0000 2018,0.14,0.0,@nytimes,"At the #nytnewrules summit

Cecile Richards on the Kavanaugh hearing: ""It's one thing for our president to attack w‚Ä¶ https://t.co/RsRo83hGCE",36
436,-0.1027,Thu Sep 27 15:52:13 +0000 2018,0.069,0.0,@nytimes,"As the questioning got underway, the GOP choice to turn over questions to Rachel Mitchell appeared cumbersome, as i‚Ä¶ https://t.co/mLkbMFh3R1",37
437,-0.7964,Thu Sep 27 15:45:03 +0000 2018,0.283,0.0,@nytimes,"For the first time, a man has been fined under a new French law making verbal sexual harassment illegal. A court fi‚Ä¶ https://t.co/qEuwzYnTmR",38
438,0.0,Thu Sep 27 15:44:48 +0000 2018,0.0,0.0,@nytimes,"RT @SherylNYT: .@ChuckGrassley , asked if he finds Christine Blasey Ford credible: ‚ÄúLet me suggest this. I know that we‚Äôve got to take what‚Ä¶",39
439,0.0,Thu Sep 27 15:40:26 +0000 2018,0.0,0.0,@nytimes,"As other senators sought to clarify Dr. Christine Blasey Ford‚Äôs memory, Senator Richard Durbin took the question he‚Ä¶ https://t.co/e7oWATe4nG",40
440,-0.1027,Thu Sep 27 15:38:03 +0000 2018,0.072,0.0,@nytimes,"RT @SherylNYT: Here is the map of Kavanaugh‚Äôs neighborhood that Ms. Mitchell, the GOP questioner, introduced in questioning. https://t.co/U‚Ä¶",41
441,0.4404,Thu Sep 27 15:32:57 +0000 2018,0.0,0.132,@nytimes,"Senator Patrick Leahy asked Dr. Christine Blasey Ford the strongest memory she had of the incident. 

She said, ""Th‚Ä¶ https://t.co/JitZmd16f5",42
442,0.0,Thu Sep 27 15:30:11 +0000 2018,0.0,0.0,@nytimes,"As many as 40,000 workers at the three big airports that serve New York City are on a path to earning at least $19‚Ä¶ https://t.co/SAsTzJRudu",43
443,0.0,Thu Sep 27 15:21:16 +0000 2018,0.0,0.0,@nytimes,"Republicans have relinquished their 5-minute question periods to a veteran prosecutor, Rachel Mitchell, though also‚Ä¶ https://t.co/MY5sUpw9kZ",44
444,-0.8074,Thu Sep 27 15:15:06 +0000 2018,0.289,0.0,@nytimes,"4 years after the killing of Melissa Millan, who was stabbed while jogging, a man walked into his pastors‚Äô home and‚Ä¶ https://t.co/ETFdYrS1Yq",45
445,-0.8176,Thu Sep 27 15:07:57 +0000 2018,0.309,0.0,@nytimes,"""It was hard for me to breathe, and I thought that Brett was accidentally going to kill me,"" Blasey Ford told senat‚Ä¶ https://t.co/wueEJ16GQ0",46
446,0.0,Thu Sep 27 15:00:20 +0000 2018,0.0,0.0,@nytimes,Bill Cosby is now occupying a single 7-by-13-foot cell with a 10-foot ceiling https://t.co/VjOFEQ7jhu,47
447,0.0258,Thu Sep 27 14:57:59 +0000 2018,0.072,0.077,@nytimes,"Dr. Christine Blasey Ford delivered her opening statement, at times through tears, at times resolute ‚Äî but always w‚Ä¶ https://t.co/Vaa9nsYJWn",48
448,-0.296,Thu Sep 27 14:55:18 +0000 2018,0.115,0.0,@nytimes,Watch the contentious moment between Senators Dianne Feinstein and Charles Grassley at the beginning of the hearing‚Ä¶ https://t.co/kuTZYpKTXU,49
449,0.0,Thu Sep 27 14:50:07 +0000 2018,0.0,0.0,@nytimes,"RT @mccanner: We talked this week with Senator John Kennedy, one of the Republican members of the Judiciary Committee, about what he's thin‚Ä¶",50
450,-0.2263,Thu Sep 27 14:45:03 +0000 2018,0.091,0.0,@nytimes,The White House hinted that a meeting between President Trump and Rod Rosenstein could be delayed a few hours or re‚Ä¶ https://t.co/HKgORJwcp3,51
451,0.1513,Thu Sep 27 14:44:05 +0000 2018,0.0,0.086,@nytimes,RT @amyvirshup: Yale Law School is experiencing an unusually intense bout of existential hand-wringing over Kavanaugh nomination. @davidwch‚Ä¶,52
452,0.2263,Thu Sep 27 14:43:44 +0000 2018,0.0,0.128,@nytimes,"Read Dr. Christine Blasey Ford's prepared statement, as released by the Judiciary Committee https://t.co/kWlhFfRlHn",53
453,0.0,Thu Sep 27 14:35:59 +0000 2018,0.0,0.0,@nytimes,"RT @SherylNYT: Dianne Feinstein: ‚ÄúThis is not a trial, Dr. Ford, if it‚Äôs a job interview for Judge Kavanaugh. Is Brett Kavanaugh  who we wa‚Ä¶",54
454,-0.4939,Thu Sep 27 14:32:00 +0000 2018,0.144,0.0,@nytimes,"RT @kbennhold: A year ago Erdogan called Germany's government ""enemies of Turkey."" This week he's being treated to a full-blown state visit‚Ä¶",55
455,0.0,Thu Sep 27 14:22:47 +0000 2018,0.0,0.0,@nytimes,"RT @SherylNYT: The view from the back of the room as Dr. Christine Blasey Ford faces the Senate Judiciary Committee, making her first publi‚Ä¶",56
456,0.0,Thu Sep 27 14:15:39 +0000 2018,0.0,0.0,@nytimes,"In the minutes before Dr. Christine Blasey Ford arrived on Capitol Hill, Deborah Ramirez, another of Judge Brett Ka‚Ä¶ https://t.co/R7csxDgVXx",57
457,0.0,Thu Sep 27 14:15:06 +0000 2018,0.0,0.0,@nytimes,Mark Judge‚Äôs online persona: Selfie videos and filming young women https://t.co/ua1JOlMQXT,58
458,-0.5859,Thu Sep 27 14:04:40 +0000 2018,0.174,0.0,@nytimes,Breaking News: Live video: Watch Christine Blasey Ford testify about her sexual assault claim against Judge Brett K‚Ä¶ https://t.co/2LizqETtZM,59
459,0.4404,Thu Sep 27 14:04:22 +0000 2018,0.0,0.121,@nytimes,RT @SherylNYT: Kavanaugh supporters rally on Capitol Hill. Police dog can be heard barking in the background. Watch @nytimes for live cover‚Ä¶,60
460,0.296,Thu Sep 27 14:00:07 +0000 2018,0.097,0.15,@nytimes,Judges Clarence Thomas and Brett Kavanaugh were accused of sexual misconduct. Justice Thomas now sits on the bench‚Ä¶ https://t.co/A2RdenlTQX,61
461,0.0,Thu Sep 27 13:55:49 +0000 2018,0.0,0.0,@nytimes,RT @SherylNYT: Kavanaugh opponents march on Capitol Hill. ‚ÄúKava-no!‚Äù they are chanting. Watch @nytimes for live updates from today‚Äô hearing‚Ä¶,62
462,-0.5267,Thu Sep 27 13:45:05 +0000 2018,0.196,0.0,@nytimes,"President Trump accused China of interfering in the midterm elections, but offered no evidence of how China might b‚Ä¶ https://t.co/8Wx1jVe3rg",63
463,-0.5267,Thu Sep 27 13:30:16 +0000 2018,0.139,0.0,@nytimes,RT @mikiebarb: On today's daily: Why Republicans are framing today's hearing as a criminal trial and Democrats are treating it as job inter‚Ä¶,64
464,0.0,Thu Sep 27 13:21:08 +0000 2018,0.0,0.0,@nytimes,RT @SherylNYT: Here‚Äôs your guide for today‚Äôs Kavanaugh hearings. I‚Äôll be in the room. Watch for news and analysis from @nytimes live briefi‚Ä¶,65
465,0.2263,Thu Sep 27 13:14:06 +0000 2018,0.0,0.213,@nytimes,Read Dr. Christine Blasey Ford's prepared statement https://t.co/7TN59g1R7B,66
466,0.0,Thu Sep 27 13:12:44 +0000 2018,0.0,0.0,@nytimes,"Stacy Brown-Philpot of @taskrabbit, Belinda Johnson of @Airbnb, and @aileenlee of @CowboyVC are disrupting Silicon‚Ä¶ https://t.co/dwIABVnlL6",67
467,0.0,Thu Sep 27 13:00:18 +0000 2018,0.0,0.0,@nytimes,Morning Briefing: Here's what you need to know to start your day https://t.co/hzoUgH5GjF https://t.co/Ke8dPzUXuO,68
468,0.296,Thu Sep 27 12:45:05 +0000 2018,0.0,0.109,@nytimes,RT @JulietMacur: Two former Washington Redskins cheerleaders couldn‚Äôt bear to remain silent anymore after speaking anonymously to the @nyti‚Ä¶,69
469,-0.6369,Thu Sep 27 12:31:07 +0000 2018,0.189,0.0,@nytimes,"Rachel Mitchell has a long record as an evenhanded prosecutor of sex and domestic abuse cases, though some Arizonan‚Ä¶ https://t.co/gUpsQQcaLu",70
470,0.0,Thu Sep 27 12:15:02 +0000 2018,0.0,0.0,@nytimes,"It was a ""moment of yuck,"" the kayaker said https://t.co/om7zrHSINs",71
471,0.0,Thu Sep 27 12:00:08 +0000 2018,0.0,0.0,@nytimes,"Your daily @DealBook Briefing:

‚Ä¢ Founders may think twice about selling to Facebook.¬†

‚Ä¢ SoftBank's founder has th‚Ä¶ https://t.co/LO93gtGsmL",72
472,0.8614,Thu Sep 27 11:45:06 +0000 2018,0.076,0.322,@nytimes,RT @taffyakner: Turns out the celebrity profile is *not* dead but some people very much wish it were. Please enjoy my story about Bradley C‚Ä¶,73
473,0.0,Thu Sep 27 11:29:05 +0000 2018,0.0,0.0,@nytimes,"""I am here because I believe it is my civic duty to tell you what happened to me while Brett Kavanaugh and I were i‚Ä¶ https://t.co/hypk81OTZ0",74
474,-0.1027,Thu Sep 27 11:15:07 +0000 2018,0.076,0.0,@nytimes,Republicans and Democrats are expected to take very different approaches to the questioning of Judge Brett Kavanaug‚Ä¶ https://t.co/9Ki598qAe3,75
475,-0.8176,Thu Sep 27 11:00:08 +0000 2018,0.319,0.0,@nytimes,"An estimated 383,000 people have died as a result of South Sudan‚Äôs civil war, according to a new report https://t.co/MI06y8EABG",76
476,-0.6369,Thu Sep 27 10:45:01 +0000 2018,0.284,0.116,@nytimes,"President Trump complained that ""evil people,"" including women in search of fame and fortune, routinely fabricate s‚Ä¶ https://t.co/0BacyO4QGb",77
477,-0.2263,Thu Sep 27 10:31:03 +0000 2018,0.112,0.0,@nytimes,Voters who are undecided today may hold the key to the midterm elections in November https://t.co/zECThxHna1,78
478,-0.765,Thu Sep 27 10:21:43 +0000 2018,0.313,0.052,@nytimes,"Across Britain, the number of children living in poverty has jumped sharply in the past 6 years. Critics blame this‚Ä¶ https://t.co/8amd5iUet2",79
479,0.3818,Thu Sep 27 10:19:26 +0000 2018,0.0,0.102,@nytimes,"""As we spoke to parents,"" the head teacher said, ""it became clear that for many of them, it was caused by changes t‚Ä¶ https://t.co/hJITp5qH0D",80
480,-0.4767,Thu Sep 27 10:15:27 +0000 2018,0.177,0.0,@nytimes,"Initially, the head teacher and her staff were puzzled: Many parents held jobs, even if they struggled to cover the‚Ä¶ https://t.co/YNM6Y7XQWP",81
481,0.0772,Thu Sep 27 10:11:02 +0000 2018,0.0,0.067,@nytimes,"Two years ago, the staff at this elementary school in England noticed an increasing number of youngsters returning‚Ä¶ https://t.co/KhiweVh1pL",82
482,0.0,Thu Sep 27 10:02:02 +0000 2018,0.0,0.0,@nytimes,Morning¬†Briefing: Here's what you need to know to start your day https://t.co/2wxLkUNr1S https://t.co/FJcgBLKalX,83
483,0.0,Thu Sep 27 09:44:02 +0000 2018,0.0,0.0,@nytimes,"In Opinion

Op-Ed contributor Kate Manne writes: ""We're in a moment during which himpathy is so thoroughly on displ‚Ä¶ https://t.co/YPrEfp14Np",84
484,-0.3818,Thu Sep 27 09:30:10 +0000 2018,0.167,0.0,@nytimes,"‚ÄúI don‚Äôt know who got a bigger fright: the seal, me or the octopus‚Äù https://t.co/ezjxKiylYe",85
485,0.4201,Thu Sep 27 09:15:04 +0000 2018,0.0,0.104,@nytimes,"RT @rsulcas: ""I really like to dance."" Anne Teresa de Keersmaeker on her new ""Six Brandenburg Concertos,"" and why she wants to do ""West Sid‚Ä¶",86
486,0.3612,Thu Sep 27 09:00:10 +0000 2018,0.0,0.294,@nytimes,"‚ÄúTiger looked like the old Tiger"" https://t.co/2uQtk5ow4d",87
487,-0.6908,Thu Sep 27 08:45:03 +0000 2018,0.251,0.0,@nytimes,Journalists from Britain and Russia say they have identified one of the men suspected of poisoning a former Russian‚Ä¶ https://t.co/u1mHxT2sgp,88
488,0.0,Thu Sep 27 08:30:06 +0000 2018,0.0,0.0,@nytimes,We asked artists what they'd do if they could go to the moon. Kara Walker would establish a colony and send white s‚Ä¶ https://t.co/OCgH7dnAnD,89
489,-0.3818,Thu Sep 27 08:15:04 +0000 2018,0.218,0.109,@nytimes,The children of Britain‚Äôs working poor are going hungry. Austerity programs have cut benefits and may affect young‚Ä¶ https://t.co/8NW788YX2q,90
490,0.0,Thu Sep 27 08:00:12 +0000 2018,0.0,0.0,@nytimes,"After taking $4.3 million from an Alaska bank, prosecutors say, a man flew to Washington State, drove to California‚Ä¶ https://t.co/6ashPessbN",91
491,0.0,Thu Sep 27 07:45:03 +0000 2018,0.0,0.0,@nytimes,Bill Cosby is now occupying a single 7-by-13-foot cell with a 10-foot ceiling https://t.co/sj2R8EK0nY,92
492,-0.4215,Thu Sep 27 07:30:07 +0000 2018,0.128,0.0,@nytimes,A former Google employee sent a letter to Congress suggesting that the company broke its own privacy rules as it wo‚Ä¶ https://t.co/2NEKu9PT8p,93
493,0.5106,Thu Sep 27 07:15:01 +0000 2018,0.0,0.142,@nytimes,"In a letter, Pope Francis urged Chinese Catholics to ‚Äúplace your trust ever more firmly in the Lord of history and‚Ä¶ https://t.co/jKtLgNc0JJ",94
494,-0.2846,Thu Sep 27 07:00:02 +0000 2018,0.097,0.0,@nytimes,"""The central disappointment of these spaces is not that they are so narcissistic, but rather that they seem to have‚Ä¶ https://t.co/XjpOIJVbMA",95
495,0.3182,Thu Sep 27 06:45:06 +0000 2018,0.0,0.119,@nytimes,"‚ÄúYes, please. Mr. Kurd. Go ahead,‚Äù President Trump said, referring to a Kurdish journalist. That reporter‚Äôs real na‚Ä¶ https://t.co/7RZaO4P0GL",96
496,-0.4588,Thu Sep 27 06:30:03 +0000 2018,0.218,0.105,@nytimes,Jos√© Mourinho‚Äôs biggest problem at Manchester United is not identifying what is wrong. It‚Äôs that he does not seem t‚Ä¶ https://t.co/AvbdHzBeYY,97
497,0.0,Thu Sep 27 06:15:08 +0000 2018,0.0,0.0,@nytimes,"Showing all of the videos from your travels can be cumbersome. Instead, stitch them together into a short highlight‚Ä¶ https://t.co/CJ9moCs9Ck",98
498,0.6908,Thu Sep 27 06:00:06 +0000 2018,0.0,0.263,@nytimes,Democrats are framing the hearing as a job interview to determine Judge Kavanaugh‚Äôs fitness to serve; a Supreme Cou‚Ä¶ https://t.co/y0OMe3PBm4,99
499,-0.5267,Thu Sep 27 05:45:02 +0000 2018,0.196,0.0,@nytimes,"President Trump accused China of interfering in the midterm elections, but offered no evidence of how China might b‚Ä¶ https://t.co/7f9FHcH6XE",100
